gi,gj,clat,clon,n_train,days_since,chao_unseen,n_test,new_species,revisited,scarcity,staleness,priority,density,new_rate,rare_newK
193,-498,48.375,-124.375,1,14,0.0,6,4,True,1.0,0.4482758620689655,0.7241379310344828,0.0,0.6666666666666666,3.69
193,-497,48.375,-124.125,2,4,0.0,30,19,True,0.4988095238095238,0.10344827586206896,0.3011288998357964,0.002380952380952381,0.6333333333333333,4.505
193,-495,48.375,-123.625,7,3,2.25,28,22,True,0.14081632653061224,0.06896551724137931,0.10489092188599577,0.014285714285714285,0.7857142857142857,4.745
193,-494,48.375,-123.375,24,1,0.0,57,8,True,0.039384920634920634,0.0,0.019692460317460317,0.05476190476190476,0.14035087719298245,1.815
194,-499,48.625,-124.625,2,7,1.0,0,0,False,0.4988095238095238,0.20689655172413793,0.35285303776683086,0.002380952380952381,,
194,-498,48.625,-124.375,1,6,0.0,12,3,True,1.0,0.1724137931034483,0.5862068965517242,0.0,0.25,1.85
194,-495,48.625,-123.625,15,1,13.5,35,19,True,0.06444444444444444,0.0,0.03222222222222222,0.03333333333333333,0.5428571428571428,3.555
194,-494,48.625,-123.375,12,1,0.0,22,7,True,0.08115079365079365,0.0,0.04057539682539683,0.02619047619047619,0.3181818181818182,2.14
194,-493,48.625,-123.125,1,2,0.0,2,2,True,1.0,0.034482758620689655,0.5172413793103449,0.0,1.0,
195,-503,48.875,-125.625,34,2,32.666666666666664,55,15,True,0.02710084033613445,0.034482758620689655,0.030791799478412055,0.07857142857142857,0.2727272727272727,2.32
195,-502,48.875,-125.375,2,9,1.0,5,4,True,0.4988095238095238,0.27586206896551724,0.3873357963875205,0.002380952380952381,0.8,4.0
195,-501,48.875,-125.125,6,17,8.0,35,27,True,0.16468253968253968,0.5517241379310345,0.35820333880678706,0.011904761904761904,0.7714285714285715,4.655
195,-499,48.875,-124.625,1,11,0.0,6,2,True,1.0,0.3448275862068966,0.6724137931034483,0.0,0.3333333333333333,1.63
195,-497,48.875,-124.125,1,5,0.0,3,3,True,1.0,0.13793103448275862,0.5689655172413793,0.0,1.0,
195,-496,48.875,-123.875,77,1,12.25,52,12,True,0.010636982065553495,0.0,0.005318491032776747,0.18095238095238095,0.23076923076923078,1.605
195,-495,48.875,-123.625,28,2,112.5,29,20,True,0.033418367346938774,0.034482758620689655,0.033950562983814214,0.06428571428571428,0.6896551724137931,3.79
195,-494,48.875,-123.375,4,1,0.0,8,5,True,0.24821428571428572,0.0,0.12410714285714286,0.007142857142857143,0.625,3.425
196,-505,49.125,-126.125,10,1,32.0,7,3,True,0.09785714285714286,0.0,0.04892857142857143,0.02142857142857143,0.42857142857142855,2.38
196,-504,49.125,-125.875,20,4,10.125,97,33,True,0.04773809523809524,0.10344827586206896,0.0755931855500821,0.04523809523809524,0.3402061855670103,3.605
196,-503,49.125,-125.625,12,3,16.0,40,18,True,0.08115079365079365,0.06896551724137931,0.07505815544608649,0.02619047619047619,0.45,3.925
196,-502,49.125,-125.375,2,9,1.0,6,6,True,0.4988095238095238,0.27586206896551724,0.3873357963875205,0.002380952380952381,1.0,5.0
196,-500,49.125,-124.875,4,2,2.0,2,2,True,0.24821428571428572,0.034482758620689655,0.1413485221674877,0.007142857142857143,1.0,
196,-498,49.125,-124.375,4,2,6.0,5,5,True,0.24821428571428572,0.034482758620689655,0.1413485221674877,0.007142857142857143,1.0,5.0
196,-497,49.125,-124.125,14,1,45.0,15,8,True,0.06921768707482993,0.0,0.03460884353741497,0.030952380952380953,0.5333333333333333,3.375
196,-496,49.125,-123.875,181,1,16.0,150,31,True,0.003157063930544593,0.0,0.0015785319652722965,0.42857142857142855,0.20666666666666667,1.685
196,-495,49.125,-123.625,51,2,44.64285714285714,10,2,True,0.017273576097105506,0.034482758620689655,0.02587816735889758,0.11904761904761904,0.2,1.26
196,-494,49.125,-123.375,5,4,4.5,7,6,True,0.1980952380952381,0.10344827586206896,0.15077175697865353,0.009523809523809525,0.8571428571428571,4.34
196,-493,49.125,-123.125,232,1,26.888888888888886,595,56,True,0.0019396551724137929,0.0,0.0009698275862068964,0.55,0.09411764705882353,1.56
196,-492,49.125,-122.875,174,1,20.055555555555557,393,58,True,0.0033798576902025175,0.0,0.0016899288451012588,0.4119047619047619,0.1475826972010178,2.42
196,-491,49.125,-122.625,212,1,17.285714285714278,138,11,True,0.002347259658580413,0.0,0.0011736298292902064,0.5023809523809524,0.07971014492753623,0.83
196,-490,49.125,-122.375,100,1,24.0,68,16,True,0.007642857142857143,0.0,0.0038214285714285715,0.2357142857142857,0.23529411764705882,1.655
196,-489,49.125,-122.125,32,1,14.399999999999999,47,15,True,0.02894345238095238,0.0,0.01447172619047619,0.07380952380952381,0.3191489361702128,3.205
196,-488,49.125,-121.875,138,1,33.0625,108,25,True,0.004882677708764665,0.0,0.0024413388543823326,0.3261904761904762,0.23148148148148148,1.545
196,-487,49.125,-121.625,5,1,10.0,14,11,True,0.1980952380952381,0.0,0.09904761904761905,0.009523809523809525,0.7857142857142857,4.035
196,-486,49.125,-121.375,17,13,25.0,22,11,True,0.05658263305322129,0.41379310344827586,0.23518786825074858,0.0380952380952381,0.5,3.27
196,-485,49.125,-121.125,11,2,15.0,8,7,True,0.08874458874458875,0.034482758620689655,0.0616136736826392,0.023809523809523808,0.875,4.605
196,-484,49.125,-120.875,88,1,20.64285714285714,46,10,True,0.00900974025974026,0.0,0.00450487012987013,0.20714285714285716,0.21739130434782608,1.89
196,-483,49.125,-120.625,3,9,3.0,1,1,True,0.33174603174603173,0.27586206896551724,0.3038040503557745,0.004761904761904762,1.0,
196,-480,49.125,-119.875,10,9,32.0,5,2,True,0.09785714285714286,0.27586206896551724,0.18685960591133005,0.02142857142857143,0.4,2.0
196,-479,49.125,-119.625,141,1,24.38095238095238,138,29,True,0.004728132387706856,0.0,0.002364066193853428,0.3333333333333333,0.21014492753623187,2.295
196,-478,49.125,-119.375,80,1,48.28571428571428,37,7,True,0.010148809523809523,0.0,0.005074404761904762,0.1880952380952381,0.1891891891891892,1.185
196,-477,49.125,-119.125,6,23,8.0,9,6,True,0.16468253968253968,0.7586206896551724,0.461651614668856,0.011904761904761904,0.6666666666666666,3.98
196,-476,49.125,-118.875,50,2,36.099999999999994,14,3,True,0.017666666666666667,0.034482758620689655,0.02607471264367816,0.11666666666666667,0.21428571428571427,1.1
196,-474,49.125,-118.375,4,2,2.0,5,3,True,0.24821428571428572,0.034482758620689655,0.1413485221674877,0.007142857142857143,0.6,3.0
196,-472,49.125,-117.875,1,2,0.0,0,0,False,1.0,0.034482758620689655,0.5172413793103449,0.0,,
196,-471,49.125,-117.625,2,8,1.0,13,8,True,0.4988095238095238,0.2413793103448276,0.3700944170771757,0.002380952380952381,0.6153846153846154,4.045
196,-469,49.125,-117.125,3,1,3.0,3,3,True,0.33174603174603173,0.0,0.16587301587301587,0.004761904761904762,1.0,
196,-468,49.125,-116.875,1,6,0.0,4,4,True,1.0,0.1724137931034483,0.5862068965517242,0.0,1.0,
196,-467,49.125,-116.625,10,7,32.0,8,8,True,0.09785714285714286,0.20689655172413793,0.15237684729064038,0.02142857142857143,1.0,5.0
196,-466,49.125,-116.375,1,14,0.0,1,1,True,1.0,0.4482758620689655,0.7241379310344828,0.0,1.0,
196,-465,49.125,-116.125,2,16,1.0,6,3,True,0.4988095238095238,0.5172413793103449,0.5080254515599343,0.002380952380952381,0.5,2.85
196,-462,49.125,-115.375,2,6,1.0,0,0,False,0.4988095238095238,0.1724137931034483,0.33561165845648605,0.002380952380952381,,
196,-461,49.125,-115.125,4,4,2.0,2,1,True,0.24821428571428572,0.10344827586206896,0.17583128078817734,0.007142857142857143,0.5,
196,-460,49.125,-114.875,1,4,0.0,0,0,False,1.0,0.10344827586206896,0.5517241379310345,0.0,,
196,-457,49.125,-114.125,75,1,8.166666666666664,42,12,True,0.010984126984126985,0.0,0.0054920634920634925,0.1761904761904762,0.2857142857142857,2.34
197,-504,49.375,-125.875,1,30,0.0,0,0,False,1.0,1.0,1.0,0.0,,
197,-502,49.375,-125.375,2,6,0.0,1,1,True,0.4988095238095238,0.1724137931034483,0.33561165845648605,0.002380952380952381,1.0,
197,-500,49.375,-124.875,4,3,6.0,17,12,True,0.24821428571428572,0.06896551724137931,0.15858990147783253,0.007142857142857143,0.7058823529411765,4.415
197,-499,49.375,-124.625,23,1,42.25,13,5,True,0.04120082815734989,0.0,0.020600414078674946,0.05238095238095238,0.38461538461538464,1.965
197,-498,49.375,-124.375,21,1,49.0,90,41,True,0.045351473922902494,0.0,0.022675736961451247,0.047619047619047616,0.45555555555555555,4.005
197,-497,49.375,-124.125,4,1,6.0,4,4,True,0.24821428571428572,0.0,0.12410714285714286,0.007142857142857143,1.0,
197,-496,49.375,-123.875,5,1,10.0,4,3,True,0.1980952380952381,0.0,0.09904761904761905,0.009523809523809525,0.75,
197,-495,49.375,-123.625,10,2,45.0,20,16,True,0.09785714285714286,0.034482758620689655,0.06616995073891627,0.02142857142857143,0.8,4.695
197,-494,49.375,-123.375,73,1,22.5625,110,32,True,0.011350293542074362,0.0,0.005675146771037181,0.17142857142857143,0.2909090909090909,2.21
197,-493,49.375,-123.125,421,1,18.375,415,33,True,0.0,0.0,0.0,1.0,0.07951807228915662,0.82
197,-492,49.375,-122.875,120,1,32.0,86,20,True,0.005972222222222222,0.0,0.002986111111111111,0.2833333333333333,0.23255813953488372,1.745
197,-491,49.375,-122.625,56,1,29.388888888888886,58,17,True,0.015518707482993195,0.0,0.007759353741496598,0.13095238095238096,0.29310344827586204,2.615
197,-490,49.375,-122.375,4,2,6.0,1,1,True,0.24821428571428572,0.034482758620689655,0.1413485221674877,0.007142857142857143,1.0,
197,-489,49.375,-122.125,2,3,1.0,1,1,True,0.4988095238095238,0.06896551724137931,0.2838875205254516,0.002380952380952381,1.0,
197,-488,49.375,-121.875,13,7,60.5,27,19,True,0.07472527472527474,0.20689655172413793,0.14081091322470635,0.02857142857142857,0.7037037037037037,3.79
197,-487,49.375,-121.625,2,1,1.0,0,0,False,0.4988095238095238,0.0,0.2494047619047619,0.002380952380952381,,
197,-486,49.375,-121.375,4,8,6.0,4,2,True,0.24821428571428572,0.2413793103448276,0.24479679802955667,0.007142857142857143,0.5,
197,-485,49.375,-121.125,1,23,0.0,5,4,True,1.0,0.7586206896551724,0.8793103448275862,0.0,0.8,4.0
197,-483,49.375,-120.625,2,8,1.0,3,3,True,0.4988095238095238,0.2413793103448276,0.3700944170771757,0.002380952380952381,1.0,
197,-482,49.375,-120.375,46,1,16.0,0,0,False,0.019409937888198756,0.0,0.009704968944099378,0.10714285714285714,,
197,-481,49.375,-120.125,1,23,0.0,0,0,False,1.0,0.7586206896551724,0.8793103448275862,0.0,,
197,-480,49.375,-119.875,6,7,15.0,2,2,True,0.16468253968253968,0.20689655172413793,0.1857895457033388,0.011904761904761904,1.0,
197,-479,49.375,-119.625,110,1,13.333333333333336,140,42,True,0.006731601731601731,0.0,0.0033658008658008654,0.25952380952380955,0.3,2.49
197,-478,49.375,-119.375,7,6,12.5,0,0,False,0.14081632653061224,0.1724137931034483,0.15661505981703028,0.014285714285714285,,
197,-472,49.375,-117.875,1,14,0.0,0,0,False,1.0,0.4482758620689655,0.7241379310344828,0.0,,
197,-471,49.375,-117.625,5,2,4.5,16,12,True,0.1980952380952381,0.034482758620689655,0.11628899835796389,0.009523809523809525,0.75,4.415
197,-470,49.375,-117.375,9,2,24.5,5,4,True,0.10899470899470899,0.034482758620689655,0.07173873380769932,0.01904761904761905,0.8,4.0
197,-469,49.375,-117.125,1,3,0.0,1,1,True,1.0,0.06896551724137931,0.5344827586206896,0.0,1.0,
197,-464,49.375,-115.875,6,1,15.0,5,4,True,0.16468253968253968,0.0,0.08234126984126984,0.011904761904761904,0.8,4.0
197,-463,49.375,-115.625,1,13,0.0,0,0,False,1.0,0.41379310344827586,0.7068965517241379,0.0,,
197,-461,49.375,-115.125,2,2,1.0,0,0,False,0.4988095238095238,0.034482758620689655,0.2666461412151067,0.002380952380952381,,
197,-460,49.375,-114.875,1,15,0.0,0,0,False,1.0,0.4827586206896552,0.7413793103448276,0.0,,
197,-458,49.375,-114.375,16,15,16.666666666666668,13,6,True,0.060267857142857144,0.4827586206896552,0.27151323891625617,0.03571428571428571,0.46153846153846156,2.82
197,-457,49.375,-114.125,30,2,40.5,11,7,True,0.031031746031746032,0.034482758620689655,0.032757252326217845,0.06904761904761905,0.6363636363636364,3.155
198,-502,49.625,-125.375,43,1,9.0,29,7,True,0.020930232558139535,0.0,0.010465116279069767,0.1,0.2413793103448276,1.11
198,-501,49.625,-125.125,1,3,0.0,0,0,False,1.0,0.06896551724137931,0.5344827586206896,0.0,,
198,-500,49.625,-124.875,1,2,0.0,10,6,True,1.0,0.034482758620689655,0.5172413793103449,0.0,0.6,3.81
198,-498,49.625,-124.375,1,7,0.0,1,1,True,1.0,0.20689655172413793,0.603448275862069,0.0,1.0,
198,-497,49.625,-124.125,2,4,1.0,12,12,True,0.4988095238095238,0.10344827586206896,0.3011288998357964,0.002380952380952381,1.0,5.0
198,-496,49.625,-123.875,13,2,78.0,4,2,True,0.07472527472527474,0.034482758620689655,0.054604016672982196,0.02857142857142857,0.5,
198,-495,49.625,-123.625,2,2,1.0,2,2,True,0.4988095238095238,0.034482758620689655,0.2666461412151067,0.002380952380952381,1.0,
198,-493,49.625,-123.125,32,1,8.642857142857142,83,38,True,0.02894345238095238,0.0,0.01447172619047619,0.07380952380952381,0.4578313253012048,4.055
198,-491,49.625,-122.625,1,18,0.0,0,0,False,1.0,0.5862068965517241,0.7931034482758621,0.0,,
198,-488,49.625,-121.875,1,20,0.0,1,1,True,1.0,0.6551724137931034,0.8275862068965517,0.0,1.0,
198,-486,49.625,-121.375,9,18,24.5,0,0,False,0.10899470899470899,0.5862068965517241,0.34760080277321653,0.01904761904761905,,
198,-485,49.625,-121.125,4,2,6.0,7,5,True,0.24821428571428572,0.034482758620689655,0.1413485221674877,0.007142857142857143,0.7142857142857143,3.8
198,-480,49.625,-119.875,7,3,21.0,9,3,True,0.14081632653061224,0.06896551724137931,0.10489092188599577,0.014285714285714285,0.3333333333333333,2.43
198,-479,49.625,-119.625,51,1,256.0,83,29,True,0.017273576097105506,0.0,0.008636788048552753,0.11904761904761904,0.3493975903614458,3.21
198,-475,49.625,-118.625,1,7,0.0,10,7,True,1.0,0.20689655172413793,0.603448275862069,0.0,0.7,4.25
198,-471,49.625,-117.625,6,4,1.0,10,7,True,0.16468253968253968,0.10344827586206896,0.13406540777230433,0.011904761904761904,0.7,4.195
198,-470,49.625,-117.375,3,1,3.0,1,1,True,0.33174603174603173,0.0,0.16587301587301587,0.004761904761904762,1.0,
198,-469,49.625,-117.125,4,2,6.0,17,14,True,0.24821428571428572,0.034482758620689655,0.1413485221674877,0.007142857142857143,0.8235294117647058,4.345
198,-468,49.625,-116.875,3,4,3.0,1,1,True,0.33174603174603173,0.10344827586206896,0.21759715380405034,0.004761904761904762,1.0,
198,-465,49.625,-116.125,1,4,0.0,0,0,False,1.0,0.10344827586206896,0.5517241379310345,0.0,,
198,-464,49.625,-115.875,6,1,15.0,1,1,True,0.16468253968253968,0.0,0.08234126984126984,0.011904761904761904,1.0,
198,-459,49.625,-114.625,4,15,2.0,5,3,True,0.24821428571428572,0.4827586206896552,0.3654864532019705,0.007142857142857143,0.6,3.0
198,-458,49.625,-114.375,28,1,220.5,1,1,True,0.033418367346938774,0.0,0.016709183673469387,0.06428571428571428,1.0,
198,-457,49.625,-114.125,13,2,45.0,7,7,True,0.07472527472527474,0.034482758620689655,0.054604016672982196,0.02857142857142857,1.0,5.0
199,-503,49.875,-125.625,3,1,0.5,2,1,True,0.33174603174603173,0.0,0.16587301587301587,0.004761904761904762,0.5,
199,-501,49.875,-125.125,10,2,12.5,16,8,True,0.09785714285714286,0.034482758620689655,0.06616995073891627,0.02142857142857143,0.5,3.21
199,-500,49.875,-124.875,5,2,4.5,2,2,True,0.1980952380952381,0.034482758620689655,0.11628899835796389,0.009523809523809525,1.0,
199,-499,49.875,-124.625,6,2,8.0,3,2,True,0.16468253968253968,0.034482758620689655,0.09958264915161466,0.011904761904761904,0.6666666666666666,
199,-498,49.875,-124.375,3,8,3.0,1,1,True,0.33174603174603173,0.2413793103448276,0.28656267104542965,0.004761904761904762,1.0,
199,-493,49.875,-123.125,8,2,4.0,11,5,True,0.12291666666666667,0.034482758620689655,0.07869971264367817,0.016666666666666666,0.45454545454545453,2.205
199,-484,49.875,-120.875,1,6,0.0,3,3,True,1.0,0.1724137931034483,0.5862068965517242,0.0,1.0,
199,-483,49.875,-120.625,2,9,1.0,8,7,True,0.4988095238095238,0.27586206896551724,0.3873357963875205,0.002380952380952381,0.875,4.63
199,-479,49.875,-119.625,3,6,3.0,1,1,True,0.33174603174603173,0.1724137931034483,0.25207991242474004,0.004761904761904762,1.0,
199,-478,49.875,-119.375,5,2,0.0,7,3,True,0.1980952380952381,0.034482758620689655,0.11628899835796389,0.009523809523809525,0.42857142857142855,2.63
199,-476,49.875,-118.875,6,8,1.0,1,1,True,0.16468253968253968,0.2413793103448276,0.20303092501368364,0.011904761904761904,1.0,
199,-471,49.875,-117.625,1,1,0.0,3,1,True,1.0,0.0,0.5,0.0,0.3333333333333333,
199,-470,49.875,-117.375,2,7,1.0,2,2,True,0.4988095238095238,0.20689655172413793,0.35285303776683086,0.002380952380952381,1.0,
199,-464,49.875,-115.875,3,5,0.5,1,1,True,0.33174603174603173,0.13793103448275862,0.23483853311439518,0.004761904761904762,1.0,
199,-463,49.875,-115.625,5,3,4.5,6,5,True,0.1980952380952381,0.06896551724137931,0.13353037766830872,0.009523809523809525,0.8333333333333334,4.175
199,-458,49.875,-114.375,2,5,0.0,2,2,True,0.4988095238095238,0.13793103448275862,0.31837027914614124,0.002380952380952381,1.0,
199,-457,49.875,-114.125,2,5,1.0,0,0,False,0.4988095238095238,0.13793103448275862,0.31837027914614124,0.002380952380952381,,
200,-509,50.125,-127.125,1,13,0.0,0,0,False,1.0,0.41379310344827586,0.7068965517241379,0.0,,
200,-506,50.125,-126.375,2,10,0.0,0,0,False,0.4988095238095238,0.3103448275862069,0.40457717569786533,0.002380952380952381,,
200,-501,50.125,-125.125,2,1,1.0,8,1,True,0.4988095238095238,0.0,0.2494047619047619,0.002380952380952381,0.125,1.0
200,-493,50.125,-123.125,4,5,2.0,6,5,True,0.24821428571428572,0.13793103448275862,0.19307266009852217,0.007142857142857143,0.8333333333333334,4.335
200,-492,50.125,-122.875,13,2,20.25,29,10,True,0.07472527472527474,0.034482758620689655,0.054604016672982196,0.02857142857142857,0.3448275862068966,2.15
200,-484,50.125,-120.875,6,5,8.0,7,7,True,0.16468253968253968,0.13793103448275862,0.15130678708264916,0.011904761904761904,1.0,5.0
200,-483,50.125,-120.625,5,12,10.0,14,11,True,0.1980952380952381,0.3793103448275862,0.28870279146141214,0.009523809523809525,0.7857142857142857,3.845
200,-482,50.125,-120.375,3,1,3.0,13,7,True,0.33174603174603173,0.0,0.16587301587301587,0.004761904761904762,0.5384615384615384,3.715
200,-478,50.125,-119.375,40,2,60.5,11,3,True,0.02267857142857143,0.034482758620689655,0.028580665024630542,0.09285714285714286,0.2727272727272727,1.585
200,-477,50.125,-119.125,11,3,18.0,3,3,True,0.08874458874458875,0.06896551724137931,0.07885505299298404,0.023809523809523808,1.0,
200,-471,50.125,-117.625,2,6,1.0,0,0,False,0.4988095238095238,0.1724137931034483,0.33561165845648605,0.002380952380952381,,
200,-469,50.125,-117.125,2,2,1.0,0,0,False,0.4988095238095238,0.034482758620689655,0.2666461412151067,0.002380952380952381,,
200,-468,50.125,-116.875,7,1,12.5,1,1,True,0.14081632653061224,0.0,0.07040816326530612,0.014285714285714285,1.0,
200,-464,50.125,-115.875,4,15,2.0,21,8,True,0.24821428571428572,0.4827586206896552,0.3654864532019705,0.007142857142857143,0.38095238095238093,2.78
200,-460,50.125,-114.875,2,13,1.0,0,0,False,0.4988095238095238,0.41379310344827586,0.4563013136288998,0.002380952380952381,,
200,-457,50.125,-114.125,4,4,6.0,1,1,True,0.24821428571428572,0.10344827586206896,0.17583128078817734,0.007142857142857143,1.0,
201,-513,50.375,-128.125,1,23,0.0,0,0,False,1.0,0.7586206896551724,0.8793103448275862,0.0,,
201,-509,50.375,-127.125,1,1,0.0,0,0,False,1.0,0.0,0.5,0.0,,
201,-507,50.375,-126.625,75,2,10.888888888888886,9,8,True,0.010984126984126985,0.034482758620689655,0.02273344280240832,0.1761904761904762,0.8888888888888888,4.49
201,-506,50.375,-126.375,7,4,2.25,0,0,False,0.14081632653061224,0.10344827586206896,0.12213230119634061,0.014285714285714285,,
201,-505,50.375,-126.125,1,2,0.0,0,0,False,1.0,0.034482758620689655,0.5172413793103449,0.0,,
201,-503,50.375,-125.625,2,4,0.0,1,1,True,0.4988095238095238,0.10344827586206896,0.3011288998357964,0.002380952380952381,1.0,
201,-492,50.375,-122.875,7,1,21.0,2,2,True,0.14081632653061224,0.0,0.07040816326530612,0.014285714285714285,1.0,
201,-491,50.375,-122.625,5,7,4.5,0,0,False,0.1980952380952381,0.20689655172413793,0.202495894909688,0.009523809523809525,,
201,-490,50.375,-122.375,1,25,0.0,2,1,True,1.0,0.8275862068965517,0.9137931034482758,0.0,0.5,
201,-487,50.375,-121.625,1,8,0.0,3,3,True,1.0,0.2413793103448276,0.6206896551724138,0.0,1.0,
201,-486,50.375,-121.375,3,1,0.5,2,1,True,0.33174603174603173,0.0,0.16587301587301587,0.004761904761904762,0.5,
201,-484,50.375,-120.875,2,6,1.0,16,14,True,0.4988095238095238,0.1724137931034483,0.33561165845648605,0.002380952380952381,0.875,4.85
201,-483,50.375,-120.625,5,7,10.0,2,1,True,0.1980952380952381,0.20689655172413793,0.202495894909688,0.009523809523809525,0.5,
201,-482,50.375,-120.375,10,4,32.0,4,4,True,0.09785714285714286,0.10344827586206896,0.10065270935960591,0.02142857142857143,1.0,
201,-480,50.375,-119.875,2,4,1.0,0,0,False,0.4988095238095238,0.10344827586206896,0.3011288998357964,0.002380952380952381,,
201,-478,50.375,-119.375,29,1,10.125,7,5,True,0.03218390804597701,0.0,0.016091954022988506,0.06666666666666667,0.7142857142857143,3.635
201,-477,50.375,-119.125,20,3,91.0,2,2,True,0.04773809523809524,0.06896551724137931,0.05835180623973728,0.04523809523809524,1.0,
201,-476,50.375,-118.875,1,7,0.0,0,0,False,1.0,0.20689655172413793,0.603448275862069,0.0,,
201,-465,50.375,-116.125,2,5,1.0,0,0,False,0.4988095238095238,0.13793103448275862,0.31837027914614124,0.002380952380952381,,
201,-464,50.375,-115.875,12,2,6.0,6,5,True,0.08115079365079365,0.034482758620689655,0.057816776135741654,0.02619047619047619,0.8333333333333334,4.16
201,-460,50.375,-114.875,1,7,0.0,0,0,False,1.0,0.20689655172413793,0.603448275862069,0.0,,
201,-459,50.375,-114.625,1,8,0.0,3,2,True,1.0,0.2413793103448276,0.6206896551724138,0.0,0.6666666666666666,
201,-457,50.375,-114.125,1,13,0.0,0,0,False,1.0,0.41379310344827586,0.7068965517241379,0.0,,
202,-514,50.625,-128.375,3,5,0.5,1,0,True,0.33174603174603173,0.13793103448275862,0.23483853311439518,0.004761904761904762,0.0,
202,-513,50.625,-128.125,1,9,0.0,1,1,True,1.0,0.27586206896551724,0.6379310344827587,0.0,1.0,
202,-512,50.625,-127.875,1,9,0.0,0,0,False,1.0,0.27586206896551724,0.6379310344827587,0.0,,
202,-511,50.625,-127.625,1,10,0.0,3,3,True,1.0,0.3103448275862069,0.6551724137931034,0.0,1.0,
202,-510,50.625,-127.375,4,9,0.0,41,20,True,0.24821428571428572,0.27586206896551724,0.2620381773399015,0.007142857142857143,0.4878048780487805,4.26
202,-509,50.625,-127.125,5,5,4.5,20,18,True,0.1980952380952381,0.13793103448275862,0.16801313628899836,0.009523809523809525,0.9,4.665
202,-508,50.625,-126.875,41,3,18.0,29,15,True,0.022067363530778164,0.06896551724137931,0.04551644038607874,0.09523809523809523,0.5172413793103449,2.835
202,-507,50.625,-126.625,2,8,1.0,3,3,True,0.4988095238095238,0.2413793103448276,0.3700944170771757,0.002380952380952381,1.0,
202,-505,50.625,-126.125,1,30,0.0,0,0,False,1.0,1.0,1.0,0.0,,
202,-488,50.625,-121.875,10,1,15.0,3,3,True,0.09785714285714286,0.0,0.04892857142857143,0.02142857142857143,1.0,
202,-486,50.625,-121.375,5,4,4.5,0,0,False,0.1980952380952381,0.10344827586206896,0.15077175697865353,0.009523809523809525,,
202,-484,50.625,-120.875,34,12,10.0,4,3,True,0.02710084033613445,0.3793103448275862,0.20320559258186033,0.07857142857142857,0.75,
202,-483,50.625,-120.625,3,11,3.0,8,4,True,0.33174603174603173,0.3448275862068966,0.3382868089764641,0.004761904761904762,0.5,3.15
202,-482,50.625,-120.375,38,2,156.25,36,19,True,0.023997493734335837,0.034482758620689655,0.029240126177512746,0.0880952380952381,0.5277777777777778,3.15
202,-481,50.625,-120.125,8,1,18.0,6,5,True,0.12291666666666667,0.0,0.06145833333333334,0.016666666666666666,0.8333333333333334,4.165
202,-480,50.625,-119.875,1,15,0.0,1,1,True,1.0,0.4827586206896552,0.7413793103448276,0.0,1.0,
202,-478,50.625,-119.375,63,1,16.409090909090907,29,8,True,0.013529856386999243,0.0,0.006764928193499622,0.14761904761904762,0.27586206896551724,1.805
202,-477,50.625,-119.125,23,2,90.25,4,2,True,0.04120082815734989,0.034482758620689655,0.03784179338901977,0.05238095238095238,0.5,
202,-472,50.625,-117.875,1,6,0.0,1,1,True,1.0,0.1724137931034483,0.5862068965517242,0.0,1.0,
202,-465,50.625,-116.125,4,7,2.0,31,20,True,0.24821428571428572,0.20689655172413793,0.2275554187192118,0.007142857142857143,0.6451612903225806,4.44
202,-461,50.625,-115.125,13,1,78.0,13,6,True,0.07472527472527474,0.0,0.03736263736263737,0.02857142857142857,0.46153846153846156,2.315
202,-458,50.625,-114.375,2,5,1.0,2,2,True,0.4988095238095238,0.13793103448275862,0.31837027914614124,0.002380952380952381,1.0,
202,-457,50.625,-114.125,13,4,18.0,4,4,True,0.07472527472527474,0.10344827586206896,0.08908677529367184,0.02857142857142857,1.0,
203,-517,50.875,-129.125,44,9,0.6666666666666661,3,0,True,0.0204004329004329,0.27586206896551724,0.14813125093297508,0.10238095238095238,0.0,
203,-516,50.875,-128.875,15,9,18.0,1,0,True,0.06444444444444444,0.27586206896551724,0.17015325670498083,0.03333333333333333,0.0,
203,-515,50.875,-128.625,4,9,2.0,0,0,False,0.24821428571428572,0.27586206896551724,0.2620381773399015,0.007142857142857143,,
203,-513,50.875,-128.125,24,9,12.5,6,4,True,0.039384920634920634,0.27586206896551724,0.15762349480021892,0.05476190476190476,0.6666666666666666,3.475
203,-512,50.875,-127.875,7,3,2.25,5,4,True,0.14081632653061224,0.06896551724137931,0.10489092188599577,0.014285714285714285,0.8,4.0
203,-511,50.875,-127.625,4,9,2.0,2,2,True,0.24821428571428572,0.27586206896551724,0.2620381773399015,0.007142857142857143,1.0,
203,-510,50.875,-127.375,2,8,1.0,26,15,True,0.4988095238095238,0.2413793103448276,0.3700944170771757,0.002380952380952381,0.5769230769230769,4.17
203,-490,50.875,-122.375,1,9,0.0,0,0,False,1.0,0.27586206896551724,0.6379310344827587,0.0,,
203,-488,50.875,-121.875,5,8,10.0,1,1,True,0.1980952380952381,0.2413793103448276,0.21973727422003286,0.009523809523809525,1.0,
203,-487,50.875,-121.625,1,3,0.0,2,2,True,1.0,0.06896551724137931,0.5344827586206896,0.0,1.0,
203,-486,50.875,-121.375,4,5,2.0,2,1,True,0.24821428571428572,0.13793103448275862,0.19307266009852217,0.007142857142857143,0.5,
203,-485,50.875,-121.125,4,10,6.0,2,2,True,0.24821428571428572,0.3103448275862069,0.2792795566502463,0.007142857142857143,1.0,
203,-484,50.875,-120.875,3,4,0.5,2,1,True,0.33174603174603173,0.10344827586206896,0.21759715380405034,0.004761904761904762,0.5,
203,-483,50.875,-120.625,7,2,21.0,0,0,False,0.14081632653061224,0.034482758620689655,0.08764954257565094,0.014285714285714285,,
203,-482,50.875,-120.375,16,2,36.0,2,1,True,0.060267857142857144,0.034482758620689655,0.047375307881773396,0.03571428571428571,0.5,
203,-481,50.875,-120.125,4,1,6.0,1,1,True,0.24821428571428572,0.0,0.12410714285714286,0.007142857142857143,1.0,
203,-479,50.875,-119.625,3,8,3.0,3,3,True,0.33174603174603173,0.2413793103448276,0.28656267104542965,0.004761904761904762,1.0,
203,-478,50.875,-119.375,4,2,6.0,13,10,True,0.24821428571428572,0.034482758620689655,0.1413485221674877,0.007142857142857143,0.7692307692307693,4.25
203,-477,50.875,-119.125,5,1,10.0,1,0,True,0.1980952380952381,0.0,0.09904761904761905,0.009523809523809525,0.0,
203,-476,50.875,-118.875,2,3,1.0,0,0,False,0.4988095238095238,0.06896551724137931,0.2838875205254516,0.002380952380952381,,
203,-474,50.875,-118.375,10,7,32.0,0,0,False,0.09785714285714286,0.20689655172413793,0.15237684729064038,0.02142857142857143,,
203,-473,50.875,-118.125,1,1,0.0,1,1,True,1.0,0.0,0.5,0.0,1.0,
203,-467,50.875,-116.625,1,10,0.0,14,10,True,1.0,0.3103448275862069,0.6551724137931034,0.0,0.7142857142857143,4.43
203,-462,50.875,-115.375,2,4,1.0,20,12,True,0.4988095238095238,0.10344827586206896,0.3011288998357964,0.002380952380952381,0.6,4.265
203,-461,50.875,-115.125,5,2,4.5,5,5,True,0.1980952380952381,0.034482758620689655,0.11628899835796389,0.009523809523809525,1.0,5.0
203,-460,50.875,-114.875,2,4,1.0,2,2,True,0.4988095238095238,0.10344827586206896,0.3011288998357964,0.002380952380952381,1.0,
203,-459,50.875,-114.625,7,2,21.0,13,6,True,0.14081632653061224,0.034482758620689655,0.08764954257565094,0.014285714285714285,0.46153846153846156,2.36
203,-458,50.875,-114.375,8,1,28.0,6,5,True,0.12291666666666667,0.0,0.06145833333333334,0.016666666666666666,0.8333333333333334,4.145
203,-457,50.875,-114.125,385,1,13.5,326,18,True,0.00022263450834879395,0.0,0.00011131725417439698,0.9142857142857143,0.05521472392638037,0.995
204,-491,51.125,-122.625,2,9,0.0,0,0,False,0.4988095238095238,0.27586206896551724,0.3873357963875205,0.002380952380952381,,
204,-490,51.125,-122.375,1,9,0.0,0,0,False,1.0,0.27586206896551724,0.6379310344827587,0.0,,
204,-488,51.125,-121.875,1,30,0.0,1,1,True,1.0,1.0,1.0,0.0,1.0,
204,-487,51.125,-121.625,1,9,0.0,0,0,False,1.0,0.27586206896551724,0.6379310344827587,0.0,,
204,-481,51.125,-120.125,1,8,0.0,0,0,False,1.0,0.2413793103448276,0.6206896551724138,0.0,,
204,-479,51.125,-119.625,1,3,0.0,0,0,False,1.0,0.06896551724137931,0.5344827586206896,0.0,,
204,-478,51.125,-119.375,3,2,3.0,0,0,False,0.33174603174603173,0.034482758620689655,0.1831143951833607,0.004761904761904762,,
204,-473,51.125,-118.125,4,3,6.0,0,0,False,0.24821428571428572,0.06896551724137931,0.15858990147783253,0.007142857142857143,,
204,-472,51.125,-117.875,1,6,0.0,0,0,False,1.0,0.1724137931034483,0.5862068965517242,0.0,,
204,-467,51.125,-116.625,1,10,0.0,3,3,True,1.0,0.3103448275862069,0.6551724137931034,0.0,1.0,
204,-465,51.125,-116.125,10,3,12.5,7,5,True,0.09785714285714286,0.06896551724137931,0.08341133004926109,0.02142857142857143,0.7142857142857143,3.865
204,-464,51.125,-115.875,6,4,15.0,21,12,True,0.16468253968253968,0.10344827586206896,0.13406540777230433,0.011904761904761904,0.5714285714285714,3.63
204,-463,51.125,-115.625,82,1,16.0,102,23,True,0.009843205574912892,0.0,0.004921602787456446,0.19285714285714287,0.22549019607843138,1.565
204,-462,51.125,-115.375,20,1,20.25,52,26,True,0.04773809523809524,0.0,0.02386904761904762,0.04523809523809524,0.5,3.35
204,-461,51.125,-115.125,12,2,36.0,5,3,True,0.08115079365079365,0.034482758620689655,0.057816776135741654,0.02619047619047619,0.6,3.0
204,-460,51.125,-114.875,1,14,0.0,0,0,False,1.0,0.4482758620689655,0.7241379310344828,0.0,,
204,-459,51.125,-114.625,13,4,9.0,32,18,True,0.07472527472527474,0.10344827586206896,0.08908677529367184,0.02857142857142857,0.5625,4.135
204,-458,51.125,-114.375,34,1,16.33333333333333,41,14,True,0.02710084033613445,0.0,0.013550420168067226,0.07857142857142857,0.34146341463414637,2.72
204,-457,51.125,-114.125,367,1,22.22222222222223,649,47,True,0.0003503308680420395,0.0,0.00017516543402101975,0.8714285714285714,0.0724191063174114,1.07
205,-496,51.375,-123.875,1,8,0.0,0,0,False,1.0,0.2413793103448276,0.6206896551724138,0.0,,
205,-490,51.375,-122.375,8,6,28.0,0,0,False,0.12291666666666667,0.1724137931034483,0.14766522988505748,0.016666666666666666,,
205,-488,51.375,-121.875,2,7,1.0,1,1,True,0.4988095238095238,0.20689655172413793,0.35285303776683086,0.002380952380952381,1.0,
205,-486,51.375,-121.375,2,10,1.0,1,1,True,0.4988095238095238,0.3103448275862069,0.40457717569786533,0.002380952380952381,1.0,
205,-485,51.375,-121.125,1,12,0.0,1,1,True,1.0,0.3793103448275862,0.6896551724137931,0.0,1.0,
205,-474,51.375,-118.375,1,10,0.0,0,0,False,1.0,0.3103448275862069,0.6551724137931034,0.0,,
205,-471,51.375,-117.625,1,16,0.0,2,1,True,1.0,0.5172413793103449,0.7586206896551724,0.0,0.5,
205,-470,51.375,-117.375,1,24,0.0,2,2,True,1.0,0.7931034482758621,0.896551724137931,0.0,1.0,
205,-468,51.375,-116.875,4,17,2.0,0,0,False,0.24821428571428572,0.5517241379310345,0.3999692118226601,0.007142857142857143,,
205,-467,51.375,-116.625,8,3,6.0,21,7,True,0.12291666666666667,0.06896551724137931,0.09594109195402299,0.016666666666666666,0.3333333333333333,2.045
205,-466,51.375,-116.375,6,1,8.0,19,11,True,0.16468253968253968,0.0,0.08234126984126984,0.011904761904761904,0.5789473684210527,3.885
205,-465,51.375,-116.125,55,1,15.0,68,14,True,0.01584415584415584,0.0,0.00792207792207792,0.12857142857142856,0.20588235294117646,1.65
205,-464,51.375,-115.875,7,3,2.25,9,7,True,0.14081632653061224,0.06896551724137931,0.10489092188599577,0.014285714285714285,0.7777777777777778,3.895
205,-463,51.375,-115.625,1,4,0.0,0,0,False,1.0,0.10344827586206896,0.5517241379310345,0.0,,
205,-462,51.375,-115.375,1,3,0.0,4,4,True,1.0,0.06896551724137931,0.5344827586206896,0.0,1.0,
205,-459,51.375,-114.625,6,2,8.0,4,3,True,0.16468253968253968,0.034482758620689655,0.09958264915161466,0.011904761904761904,0.75,
205,-458,51.375,-114.375,14,2,55.0,25,11,True,0.06921768707482993,0.034482758620689655,0.051850222847759794,0.030952380952380953,0.44,3.655
205,-457,51.375,-114.125,6,1,15.0,10,6,True,0.16468253968253968,0.0,0.08234126984126984,0.011904761904761904,0.6,2.93
206,-513,51.625,-128.125,110,6,19.6,0,0,False,0.006731601731601731,0.1724137931034483,0.08957269741752501,0.25952380952380955,,
206,-512,51.625,-127.875,7,23,2.25,3,3,True,0.14081632653061224,0.7586206896551724,0.4497185080928923,0.014285714285714285,1.0,
206,-510,51.625,-127.375,3,23,0.5,0,0,False,0.33174603174603173,0.7586206896551724,0.545183360700602,0.004761904761904762,,
206,-497,51.625,-124.125,1,6,0.0,0,0,False,1.0,0.1724137931034483,0.5862068965517242,0.0,,
206,-490,51.625,-122.375,9,6,24.5,0,0,False,0.10899470899470899,0.1724137931034483,0.14070425104907863,0.01904761904761905,,
206,-486,51.625,-121.375,16,2,8.0,8,5,True,0.060267857142857144,0.034482758620689655,0.047375307881773396,0.03571428571428571,0.625,3.485
206,-485,51.625,-121.125,1,7,0.0,0,0,False,1.0,0.20689655172413793,0.603448275862069,0.0,,
206,-481,51.625,-120.125,7,7,12.5,5,5,True,0.14081632653061224,0.20689655172413793,0.17385643912737508,0.014285714285714285,1.0,5.0
206,-480,51.625,-119.875,4,6,6.0,1,0,True,0.24821428571428572,0.1724137931034483,0.210314039408867,0.007142857142857143,0.0,
206,-470,51.625,-117.375,2,3,1.0,0,0,False,0.4988095238095238,0.06896551724137931,0.2838875205254516,0.002380952380952381,,
206,-467,51.625,-116.625,4,7,2.0,3,1,True,0.24821428571428572,0.20689655172413793,0.2275554187192118,0.007142857142857143,0.3333333333333333,
206,-466,51.625,-116.375,12,2,10.0,21,12,True,0.08115079365079365,0.034482758620689655,0.057816776135741654,0.02619047619047619,0.5714285714285714,3.615
206,-460,51.625,-114.875,2,16,1.0,1,1,True,0.4988095238095238,0.5172413793103449,0.5080254515599343,0.002380952380952381,1.0,
206,-459,51.625,-114.625,4,16,6.0,1,1,True,0.24821428571428572,0.5172413793103449,0.3827278325123153,0.007142857142857143,1.0,
206,-458,51.625,-114.375,2,9,1.0,0,0,False,0.4988095238095238,0.27586206896551724,0.3873357963875205,0.002380952380952381,,
206,-457,51.625,-114.125,2,8,1.0,1,1,True,0.4988095238095238,0.2413793103448276,0.3700944170771757,0.002380952380952381,1.0,
207,-512,51.875,-127.875,2,29,1.0,7,4,True,0.4988095238095238,0.9655172413793104,0.7321633825944172,0.002380952380952381,0.5714285714285714,3.12
207,-499,51.875,-124.625,2,5,0.0,3,2,True,0.4988095238095238,0.13793103448275862,0.31837027914614124,0.002380952380952381,0.6666666666666666,
207,-491,51.875,-122.625,4,5,6.0,0,0,False,0.24821428571428572,0.13793103448275862,0.19307266009852217,0.007142857142857143,,
207,-490,51.875,-122.375,1,5,0.0,0,0,False,1.0,0.13793103448275862,0.5689655172413793,0.0,,
207,-486,51.875,-121.375,2,2,1.0,0,0,False,0.4988095238095238,0.034482758620689655,0.2666461412151067,0.002380952380952381,,
207,-482,51.875,-120.375,1,6,0.0,0,0,False,1.0,0.1724137931034483,0.5862068965517242,0.0,,
207,-481,51.875,-120.125,2,1,1.0,8,7,True,0.4988095238095238,0.0,0.2494047619047619,0.002380952380952381,0.875,4.62
207,-480,51.875,-119.875,2,2,1.0,0,0,False,0.4988095238095238,0.034482758620689655,0.2666461412151067,0.002380952380952381,,
207,-468,51.875,-116.875,1,5,0.0,0,0,False,1.0,0.13793103448275862,0.5689655172413793,0.0,,
207,-467,51.875,-116.625,14,6,12.25,4,4,True,0.06921768707482993,0.1724137931034483,0.12081574008913912,0.030952380952380953,1.0,
207,-460,51.875,-114.875,4,2,6.0,0,0,False,0.24821428571428572,0.034482758620689655,0.1413485221674877,0.007142857142857143,,
207,-459,51.875,-114.625,3,16,3.0,1,1,True,0.33174603174603173,0.5172413793103449,0.4244937055281883,0.004761904761904762,1.0,
207,-457,51.875,-114.125,4,2,6.0,3,2,True,0.24821428571428572,0.034482758620689655,0.1413485221674877,0.007142857142857143,0.6666666666666666,
208,-525,52.125,-131.125,1,24,0.0,0,0,False,1.0,0.7931034482758621,0.896551724137931,0.0,,
208,-513,52.125,-128.125,2,1,1.0,6,3,True,0.4988095238095238,0.0,0.2494047619047619,0.002380952380952381,0.5,2.805
208,-510,52.125,-127.375,1,1,0.0,2,2,True,1.0,0.0,0.5,0.0,1.0,
208,-503,52.125,-125.625,1,3,0.0,0,0,False,1.0,0.06896551724137931,0.5344827586206896,0.0,,
208,-500,52.125,-124.875,1,20,0.0,0,0,False,1.0,0.6551724137931034,0.8275862068965517,0.0,,
208,-489,52.125,-122.125,4,2,6.0,9,6,True,0.24821428571428572,0.034482758620689655,0.1413485221674877,0.007142857142857143,0.6666666666666666,3.675
208,-481,52.125,-120.125,1,5,0.0,3,3,True,1.0,0.13793103448275862,0.5689655172413793,0.0,1.0,
208,-480,52.125,-119.875,1,13,0.0,0,0,False,1.0,0.41379310344827586,0.7068965517241379,0.0,,
208,-479,52.125,-119.625,2,10,1.0,0,0,False,0.4988095238095238,0.3103448275862069,0.40457717569786533,0.002380952380952381,,
208,-470,52.125,-117.375,1,4,0.0,0,0,False,1.0,0.10344827586206896,0.5517241379310345,0.0,,
208,-469,52.125,-117.125,9,1,1.5,6,3,True,0.10899470899470899,0.0,0.054497354497354496,0.01904761904761905,0.5,2.465
208,-467,52.125,-116.625,1,30,0.0,0,0,False,1.0,1.0,1.0,0.0,,
208,-466,52.125,-116.375,3,1,3.0,5,4,True,0.33174603174603173,0.0,0.16587301587301587,0.004761904761904762,0.8,4.0
208,-463,52.125,-115.625,1,25,0.0,0,0,False,1.0,0.8275862068965517,0.9137931034482758,0.0,,
208,-461,52.125,-115.125,1,24,0.0,0,0,False,1.0,0.7931034482758621,0.896551724137931,0.0,,
208,-460,52.125,-114.875,5,2,10.0,0,0,False,0.1980952380952381,0.034482758620689655,0.11628899835796389,0.009523809523809525,,
208,-459,52.125,-114.625,1,16,0.0,1,1,True,1.0,0.5172413793103449,0.7586206896551724,0.0,1.0,
208,-458,52.125,-114.375,9,3,36.0,0,0,False,0.10899470899470899,0.06896551724137931,0.08898011311804416,0.01904761904761905,,
209,-509,52.375,-127.125,1,18,0.0,0,0,False,1.0,0.5862068965517241,0.7931034482758621,0.0,,
209,-495,52.375,-123.625,4,13,0.0,0,0,False,0.24821428571428572,0.41379310344827586,0.33100369458128076,0.007142857142857143,,
209,-471,52.375,-117.625,1,29,0.0,0,0,False,1.0,0.9655172413793104,0.9827586206896552,0.0,,
209,-470,52.375,-117.375,3,2,0.5,1,0,True,0.33174603174603173,0.034482758620689655,0.1831143951833607,0.004761904761904762,0.0,
209,-468,52.375,-116.875,1,7,0.0,0,0,False,1.0,0.20689655172413793,0.603448275862069,0.0,,
209,-461,52.375,-115.125,7,2,21.0,1,0,True,0.14081632653061224,0.034482758620689655,0.08764954257565094,0.014285714285714285,0.0,
209,-460,52.375,-114.875,4,2,6.0,3,3,True,0.24821428571428572,0.034482758620689655,0.1413485221674877,0.007142857142857143,1.0,
209,-457,52.375,-114.125,21,1,24.0,7,5,True,0.045351473922902494,0.0,0.022675736961451247,0.047619047619047616,0.7142857142857143,3.78
210,-509,52.625,-127.125,4,2,0.0,0,0,False,0.24821428571428572,0.034482758620689655,0.1413485221674877,0.007142857142857143,,
210,-492,52.625,-122.875,1,17,0.0,0,0,False,1.0,0.5517241379310345,0.7758620689655172,0.0,,
210,-487,52.625,-121.625,3,1,3.0,0,0,False,0.33174603174603173,0.0,0.16587301587301587,0.004761904761904762,,
210,-473,52.625,-118.125,3,6,3.0,0,0,False,0.33174603174603173,0.1724137931034483,0.25207991242474004,0.004761904761904762,,
210,-472,52.625,-117.875,4,6,6.0,6,3,True,0.24821428571428572,0.1724137931034483,0.210314039408867,0.007142857142857143,0.5,2.695
210,-471,52.625,-117.625,18,2,30.25,27,9,True,0.0533068783068783,0.034482758620689655,0.04389481846378398,0.04047619047619048,0.3333333333333333,2.15
210,-470,52.625,-117.375,1,3,0.0,0,0,False,1.0,0.06896551724137931,0.5344827586206896,0.0,,
211,-527,52.875,-131.625,7,1,6.0,12,5,True,0.14081632653061224,0.0,0.07040816326530612,0.014285714285714285,0.4166666666666667,2.04
211,-518,52.875,-129.375,1,1,0.0,0,0,False,1.0,0.0,0.5,0.0,,
211,-490,52.875,-122.375,1,5,0.0,0,0,False,1.0,0.13793103448275862,0.5689655172413793,0.0,,
211,-478,52.875,-119.375,87,1,12.0,7,3,True,0.009140667761357416,0.0,0.004570333880678708,0.20476190476190476,0.42857142857142855,2.175
211,-477,52.875,-119.125,2,5,1.0,1,1,True,0.4988095238095238,0.13793103448275862,0.31837027914614124,0.002380952380952381,1.0,
211,-475,52.875,-118.625,1,19,0.0,0,0,False,1.0,0.6206896551724138,0.8103448275862069,0.0,,
211,-473,52.875,-118.125,44,1,9.388888888888886,22,8,True,0.0204004329004329,0.0,0.01020021645021645,0.10238095238095238,0.36363636363636365,1.83
211,-472,52.875,-117.875,16,3,15.0,14,4,True,0.060267857142857144,0.06896551724137931,0.06461668719211823,0.03571428571428571,0.2857142857142857,2.235
211,-471,52.875,-117.625,2,8,1.0,10,5,True,0.4988095238095238,0.2413793103448276,0.3700944170771757,0.002380952380952381,0.5,3.015
211,-469,52.875,-117.125,2,5,1.0,0,0,False,0.4988095238095238,0.13793103448275862,0.31837027914614124,0.002380952380952381,,
211,-468,52.875,-116.875,7,4,2.25,1,1,True,0.14081632653061224,0.10344827586206896,0.12213230119634061,0.014285714285714285,1.0,
211,-467,52.875,-116.625,1,4,0.0,0,0,False,1.0,0.10344827586206896,0.5517241379310345,0.0,,
211,-466,52.875,-116.375,1,4,0.0,0,0,False,1.0,0.10344827586206896,0.5517241379310345,0.0,,
211,-462,52.875,-115.375,2,1,1.0,0,0,False,0.4988095238095238,0.0,0.2494047619047619,0.002380952380952381,,
211,-457,52.875,-114.125,1,7,0.0,1,1,True,1.0,0.20689655172413793,0.603448275862069,0.0,1.0,
212,-529,53.125,-132.125,3,1,3.0,0,0,False,0.33174603174603173,0.0,0.16587301587301587,0.004761904761904762,,
212,-528,53.125,-131.875,1,2,0.0,2,2,True,1.0,0.034482758620689655,0.5172413793103449,0.0,1.0,
212,-490,53.125,-122.375,2,11,1.0,0,0,False,0.4988095238095238,0.3448275862068966,0.4218185550082102,0.002380952380952381,,
212,-488,53.125,-121.875,2,5,1.0,0,0,False,0.4988095238095238,0.13793103448275862,0.31837027914614124,0.002380952380952381,,
212,-487,53.125,-121.625,2,6,0.0,1,1,True,0.4988095238095238,0.1724137931034483,0.33561165845648605,0.002380952380952381,1.0,
212,-486,53.125,-121.375,3,4,3.0,0,0,False,0.33174603174603173,0.10344827586206896,0.21759715380405034,0.004761904761904762,,
212,-485,53.125,-121.125,1,3,0.0,1,1,True,1.0,0.06896551724137931,0.5344827586206896,0.0,1.0,
212,-484,53.125,-120.875,3,5,3.0,0,0,False,0.33174603174603173,0.13793103448275862,0.23483853311439518,0.004761904761904762,,
212,-480,53.125,-119.875,1,1,0.0,1,1,True,1.0,0.0,0.5,0.0,1.0,
212,-477,53.125,-119.125,9,2,24.5,9,3,True,0.10899470899470899,0.034482758620689655,0.07173873380769932,0.01904761904761905,0.3333333333333333,2.055
212,-473,53.125,-118.125,5,2,10.0,1,0,True,0.1980952380952381,0.034482758620689655,0.11628899835796389,0.009523809523809525,0.0,
212,-472,53.125,-117.875,1,9,0.0,1,1,True,1.0,0.27586206896551724,0.6379310344827587,0.0,1.0,
212,-470,53.125,-117.375,4,1,6.0,0,0,False,0.24821428571428572,0.0,0.12410714285714286,0.007142857142857143,,
212,-460,53.125,-114.875,1,28,0.0,0,0,False,1.0,0.9310344827586207,0.9655172413793103,0.0,,
212,-459,53.125,-114.625,1,4,0.0,0,0,False,1.0,0.10344827586206896,0.5517241379310345,0.0,,
212,-458,53.125,-114.375,1,2,0.0,0,0,False,1.0,0.034482758620689655,0.5172413793103449,0.0,,
212,-457,53.125,-114.125,2,5,1.0,1,1,True,0.4988095238095238,0.13793103448275862,0.31837027914614124,0.002380952380952381,1.0,
213,-529,53.375,-132.125,1,21,0.0,3,3,True,1.0,0.6896551724137931,0.8448275862068966,0.0,1.0,
213,-528,53.375,-131.875,4,1,6.0,5,3,True,0.24821428571428572,0.0,0.12410714285714286,0.007142857142857143,0.6,3.0
213,-495,53.375,-123.625,3,3,3.0,0,0,False,0.33174603174603173,0.06896551724137931,0.2003557744937055,0.004761904761904762,,
213,-486,53.375,-121.375,1,30,0.0,0,0,False,1.0,1.0,1.0,0.0,,
213,-471,53.375,-117.625,41,2,16.9,14,1,True,0.022067363530778164,0.034482758620689655,0.02827506107573391,0.09523809523809523,0.07142857142857142,0.37
213,-470,53.375,-117.375,5,8,4.5,1,1,True,0.1980952380952381,0.2413793103448276,0.21973727422003286,0.009523809523809525,1.0,
213,-458,53.375,-114.375,1,6,0.0,20,19,True,1.0,0.1724137931034483,0.5862068965517242,0.0,0.95,4.94
213,-457,53.375,-114.125,2,4,1.0,1,1,True,0.4988095238095238,0.10344827586206896,0.3011288998357964,0.002380952380952381,1.0,
214,-531,53.625,-132.625,2,4,1.0,0,0,False,0.4988095238095238,0.10344827586206896,0.3011288998357964,0.002380952380952381,,
214,-529,53.625,-132.125,1,4,0.0,0,0,False,1.0,0.10344827586206896,0.5517241379310345,0.0,,
214,-528,53.625,-131.875,1,3,0.0,1,0,True,1.0,0.06896551724137931,0.5344827586206896,0.0,0.0,
214,-495,53.625,-123.625,3,3,3.0,0,0,False,0.33174603174603173,0.06896551724137931,0.2003557744937055,0.004761904761904762,,
214,-492,53.625,-122.875,1,30,0.0,0,0,False,1.0,1.0,1.0,0.0,,
214,-468,53.625,-116.875,2,2,0.0,0,0,False,0.4988095238095238,0.034482758620689655,0.2666461412151067,0.002380952380952381,,
214,-467,53.625,-116.625,2,2,1.0,1,1,True,0.4988095238095238,0.034482758620689655,0.2666461412151067,0.002380952380952381,1.0,
214,-466,53.625,-116.375,1,3,0.0,0,0,False,1.0,0.06896551724137931,0.5344827586206896,0.0,,
214,-461,53.625,-115.125,2,3,1.0,1,1,True,0.4988095238095238,0.06896551724137931,0.2838875205254516,0.002380952380952381,1.0,
214,-460,53.625,-114.875,11,1,55.0,6,4,True,0.08874458874458875,0.0,0.044372294372294376,0.023809523809523808,0.6666666666666666,3.29
214,-459,53.625,-114.625,7,1,21.0,4,4,True,0.14081632653061224,0.0,0.07040816326530612,0.014285714285714285,1.0,
214,-458,53.625,-114.375,4,2,6.0,8,6,True,0.24821428571428572,0.034482758620689655,0.1413485221674877,0.007142857142857143,0.75,4.24
214,-457,53.625,-114.125,27,7,18.0,53,11,True,0.034744268077601406,0.20689655172413793,0.12082040990086967,0.06190476190476191,0.20754716981132076,2.12
215,-492,53.875,-122.875,8,6,4.0,2,2,True,0.12291666666666667,0.1724137931034483,0.14766522988505748,0.016666666666666666,1.0,
215,-491,53.875,-122.625,13,1,8.166666666666664,18,15,True,0.07472527472527474,0.0,0.03736263736263737,0.02857142857142857,0.8333333333333334,4.325
215,-477,53.875,-119.125,2,2,1.0,1,1,True,0.4988095238095238,0.034482758620689655,0.2666461412151067,0.002380952380952381,1.0,
215,-461,53.875,-115.125,1,15,0.0,0,0,False,1.0,0.4827586206896552,0.7413793103448276,0.0,,
215,-459,53.875,-114.625,2,1,1.0,0,0,False,0.4988095238095238,0.0,0.2494047619047619,0.002380952380952381,,
216,-515,54.125,-128.625,1,7,0.0,6,6,True,1.0,0.20689655172413793,0.603448275862069,0.0,1.0,5.0
216,-508,54.125,-126.875,1,2,0.0,0,0,False,1.0,0.034482758620689655,0.5172413793103449,0.0,,
216,-500,54.125,-124.875,2,4,1.0,0,0,False,0.4988095238095238,0.10344827586206896,0.3011288998357964,0.002380952380952381,,
216,-497,54.125,-124.125,4,4,6.0,0,0,False,0.24821428571428572,0.10344827586206896,0.17583128078817734,0.007142857142857143,,
216,-492,54.125,-122.875,4,3,6.0,0,0,False,0.24821428571428572,0.06896551724137931,0.15858990147783253,0.007142857142857143,,
216,-491,54.125,-122.625,1,3,0.0,2,2,True,1.0,0.06896551724137931,0.5344827586206896,0.0,1.0,
216,-463,54.125,-115.625,2,2,1.0,0,0,False,0.4988095238095238,0.034482758620689655,0.2666461412151067,0.002380952380952381,,
216,-459,54.125,-114.625,1,9,0.0,0,0,False,1.0,0.27586206896551724,0.6379310344827587,0.0,,
216,-458,54.125,-114.375,1,1,0.0,0,0,False,1.0,0.0,0.5,0.0,,
217,-522,54.375,-130.375,12,3,6.25,25,7,True,0.08115079365079365,0.06896551724137931,0.07505815544608649,0.02619047619047619,0.28,1.915
217,-515,54.375,-128.625,3,3,0.5,3,3,True,0.33174603174603173,0.06896551724137931,0.2003557744937055,0.004761904761904762,1.0,
217,-492,54.375,-122.875,1,1,0.0,1,1,True,1.0,0.0,0.5,0.0,1.0,
217,-491,54.375,-122.625,1,17,0.0,1,1,True,1.0,0.5517241379310345,0.7758620689655172,0.0,1.0,
217,-471,54.375,-117.625,1,1,0.0,0,0,False,1.0,0.0,0.5,0.0,,
217,-470,54.375,-117.375,2,4,1.0,0,0,False,0.4988095238095238,0.10344827586206896,0.3011288998357964,0.002380952380952381,,
217,-463,54.375,-115.625,8,8,28.0,0,0,False,0.12291666666666667,0.2413793103448276,0.18214798850574715,0.016666666666666666,,
218,-522,54.625,-130.375,1,19,0.0,0,0,False,1.0,0.6206896551724138,0.8103448275862069,0.0,,
218,-521,54.625,-130.125,2,14,1.0,0,0,False,0.4988095238095238,0.4482758620689655,0.47354269293924467,0.002380952380952381,,
218,-516,54.625,-128.875,2,29,1.0,0,0,False,0.4988095238095238,0.9655172413793104,0.7321633825944172,0.002380952380952381,,
218,-515,54.625,-128.625,6,5,8.0,1,1,True,0.16468253968253968,0.13793103448275862,0.15130678708264916,0.011904761904761904,1.0,
218,-509,54.625,-127.125,1,2,0.0,4,4,True,1.0,0.034482758620689655,0.5172413793103449,0.0,1.0,
218,-508,54.625,-126.875,3,2,3.0,0,0,False,0.33174603174603173,0.034482758620689655,0.1831143951833607,0.004761904761904762,,
218,-471,54.625,-117.625,1,5,0.0,0,0,False,1.0,0.13793103448275862,0.5689655172413793,0.0,,
219,-520,54.875,-129.875,8,23,10.0,0,0,False,0.12291666666666667,0.7586206896551724,0.4407686781609195,0.016666666666666666,,
219,-516,54.875,-128.875,1,23,0.0,3,3,True,1.0,0.7586206896551724,0.8793103448275862,0.0,1.0,
219,-509,54.875,-127.125,1,3,0.0,4,4,True,1.0,0.06896551724137931,0.5344827586206896,0.0,1.0,
219,-508,54.875,-126.875,1,4,0.0,0,0,False,1.0,0.10344827586206896,0.5517241379310345,0.0,,
220,-521,55.125,-130.125,1,24,0.0,0,0,False,1.0,0.7931034482758621,0.896551724137931,0.0,,
220,-519,55.125,-129.625,1,25,0.0,0,0,False,1.0,0.8275862068965517,0.9137931034482758,0.0,,
220,-517,55.125,-129.125,1,14,0.0,0,0,False,1.0,0.4482758620689655,0.7241379310344828,0.0,,
220,-512,55.125,-127.875,1,3,0.0,0,0,False,1.0,0.06896551724137931,0.5344827586206896,0.0,,
220,-511,55.125,-127.625,5,3,10.0,0,0,False,0.1980952380952381,0.06896551724137931,0.13353037766830872,0.009523809523809525,,
220,-510,55.125,-127.375,1,3,0.0,0,0,False,1.0,0.06896551724137931,0.5344827586206896,0.0,,
220,-493,55.125,-123.125,1,7,0.0,0,0,False,1.0,0.20689655172413793,0.603448275862069,0.0,,
220,-479,55.125,-119.625,1,1,0.0,0,0,False,1.0,0.0,0.5,0.0,,
220,-477,55.125,-119.125,4,2,6.0,3,3,True,0.24821428571428572,0.034482758620689655,0.1413485221674877,0.007142857142857143,1.0,
220,-476,55.125,-118.875,4,1,6.0,3,3,True,0.24821428571428572,0.0,0.12410714285714286,0.007142857142857143,1.0,
220,-473,55.125,-118.125,3,2,3.0,0,0,False,0.33174603174603173,0.034482758620689655,0.1831143951833607,0.004761904761904762,,
220,-471,55.125,-117.625,1,2,0.0,3,2,True,1.0,0.034482758620689655,0.5172413793103449,0.0,0.6666666666666666,
221,-511,55.375,-127.625,1,3,0.0,3,3,True,1.0,0.06896551724137931,0.5344827586206896,0.0,1.0,
221,-475,55.375,-118.625,17,2,72.0,0,0,False,0.05658263305322129,0.034482758620689655,0.045532695836955475,0.0380952380952381,,
221,-473,55.375,-118.125,1,3,0.0,0,0,False,1.0,0.06896551724137931,0.5344827586206896,0.0,,
221,-460,55.375,-114.875,10,2,9.0,14,7,True,0.09785714285714286,0.034482758620689655,0.06616995073891627,0.02142857142857143,0.5,3.27
222,-515,55.625,-128.625,1,5,0.0,0,0,False,1.0,0.13793103448275862,0.5689655172413793,0.0,,
222,-514,55.625,-128.375,4,3,6.0,0,0,False,0.24821428571428572,0.06896551724137931,0.15858990147783253,0.007142857142857143,,
222,-467,55.625,-116.625,2,8,1.0,0,0,False,0.4988095238095238,0.2413793103448276,0.3700944170771757,0.002380952380952381,,
222,-465,55.625,-116.125,1,3,0.0,0,0,False,1.0,0.06896551724137931,0.5344827586206896,0.0,,
223,-521,55.875,-130.125,1,1,0.0,1,1,True,1.0,0.0,0.5,0.0,1.0,
224,-521,56.125,-130.125,1,5,0.0,1,1,True,1.0,0.13793103448275862,0.5689655172413793,0.0,1.0,
224,-486,56.125,-121.375,2,9,1.0,5,4,True,0.4988095238095238,0.27586206896551724,0.3873357963875205,0.002380952380952381,0.8,4.0
224,-485,56.125,-121.125,4,13,6.0,1,1,True,0.24821428571428572,0.41379310344827586,0.33100369458128076,0.007142857142857143,1.0,
224,-483,56.125,-120.625,3,16,3.0,1,1,True,0.33174603174603173,0.5172413793103449,0.4244937055281883,0.004761904761904762,1.0,
224,-475,56.125,-118.625,1,26,0.0,0,0,False,1.0,0.8620689655172413,0.9310344827586207,0.0,,
224,-471,56.125,-117.625,1,1,0.0,0,0,False,1.0,0.0,0.5,0.0,,
224,-469,56.125,-117.125,1,8,0.0,2,2,True,1.0,0.2413793103448276,0.6206896551724138,0.0,1.0,
225,-518,56.375,-129.375,1,3,0.0,0,0,False,1.0,0.06896551724137931,0.5344827586206896,0.0,,
225,-485,56.375,-121.125,3,4,3.0,0,0,False,0.33174603174603173,0.10344827586206896,0.21759715380405034,0.004761904761904762,,
225,-484,56.375,-120.875,3,13,0.5,1,1,True,0.33174603174603173,0.41379310344827586,0.3727695675971538,0.004761904761904762,1.0,
225,-477,56.375,-119.125,1,7,0.0,0,0,False,1.0,0.20689655172413793,0.603448275862069,0.0,,
227,-489,56.875,-122.125,2,3,1.0,0,0,False,0.4988095238095238,0.06896551724137931,0.2838875205254516,0.002380952380952381,,
228,-492,57.125,-122.875,1,9,0.0,0,0,False,1.0,0.27586206896551724,0.6379310344827587,0.0,,
232,-520,58.125,-129.875,3,3,3.0,1,1,True,0.33174603174603173,0.06896551724137931,0.2003557744937055,0.004761904761904762,1.0,
233,-520,58.375,-129.875,3,2,0.5,0,0,False,0.33174603174603173,0.034482758620689655,0.1831143951833607,0.004761904761904762,,
234,-499,58.625,-124.625,1,1,0.0,16,11,True,1.0,0.0,0.5,0.0,0.6875,4.445
235,-521,58.875,-130.125,1,2,0.0,0,0,False,1.0,0.034482758620689655,0.5172413793103449,0.0,,
235,-504,58.875,-125.875,2,30,1.0,0,0,False,0.4988095238095238,1.0,0.7494047619047619,0.002380952380952381,,
235,-502,58.875,-125.375,1,1,0.0,0,0,False,1.0,0.0,0.5,0.0,,
235,-501,58.875,-125.125,4,1,6.0,9,8,True,0.24821428571428572,0.0,0.12410714285714286,0.007142857142857143,0.8888888888888888,4.49
236,-519,59.125,-129.625,2,1,1.0,0,0,False,0.4988095238095238,0.0,0.2494047619047619,0.002380952380952381,,
237,-546,59.375,-136.375,1,7,0.0,0,0,False,1.0,0.20689655172413793,0.603448275862069,0.0,,
237,-535,59.375,-133.625,2,1,1.0,0,0,False,0.4988095238095238,0.0,0.2494047619047619,0.002380952380952381,,
237,-534,59.375,-133.375,1,5,0.0,0,0,False,1.0,0.13793103448275862,0.5689655172413793,0.0,,
237,-520,59.375,-129.875,2,2,1.0,0,0,False,0.4988095238095238,0.034482758620689655,0.2666461412151067,0.002380952380952381,,
237,-517,59.375,-129.125,7,1,12.5,3,1,True,0.14081632653061224,0.0,0.07040816326530612,0.014285714285714285,0.3333333333333333,
238,-547,59.625,-136.625,1,8,0.0,1,1,True,1.0,0.2413793103448276,0.6206896551724138,0.0,1.0,
238,-546,59.625,-136.375,2,7,0.0,0,0,False,0.4988095238095238,0.20689655172413793,0.35285303776683086,0.002380952380952381,,
238,-535,59.625,-133.625,3,6,3.0,0,0,False,0.33174603174603173,0.1724137931034483,0.25207991242474004,0.004761904761904762,,
239,-547,59.875,-136.625,2,7,1.0,1,1,True,0.4988095238095238,0.20689655172413793,0.35285303776683086,0.002380952380952381,1.0,
