gi,gj,clat,clon,n_train,days_since,chao_unseen,n_test,new_species,revisited,scarcity,staleness,priority,density,new_rate,rare_newK,w_newK,w_meanrarity
193,-497,48.375,-124.125,1,2,0.0,1,1,True,1.0,0.034482758620689655,0.5172413793103449,0.0,1.0,,,
193,-496,48.375,-123.875,6,1,1.0,6,6,True,0.16437728937728938,0.0,0.08218864468864469,0.013736263736263736,1.0,,,
193,-495,48.375,-123.625,291,1,80.08333333333331,116,28,True,0.0006986141006759562,0.0,0.0003493070503379781,0.7967032967032966,0.2413793103448276,1.985,0.9611496598617257,0.4253279542177928
193,-494,48.375,-123.375,191,1,42.25,198,66,True,0.002502732869225016,0.0,0.001251366434612508,0.521978021978022,0.3333333333333333,3.96,1.775304873574747,0.44211226881256954
194,-498,48.625,-124.375,8,1,2.0,4,4,True,0.12259615384615384,0.0,0.06129807692307692,0.019230769230769232,1.0,,,
194,-496,48.625,-123.875,5,1,10.0,0,0,False,0.19780219780219782,0.0,0.09890109890109891,0.01098901098901099,,,,
194,-495,48.625,-123.625,44,1,182.25,938,139,True,0.020042457542457544,0.0,0.010021228771228772,0.11813186813186813,0.14818763326226012,6.655,5.122996292438241,0.7732659910722295
194,-494,48.625,-123.375,41,1,30.25,64,33,True,0.02170999731975342,0.0,0.01085499865987671,0.10989010989010989,0.515625,4.975,2.055251506458777,0.41561264635630546
194,-493,48.625,-123.125,2,2,1.0,1,1,True,0.49862637362637363,0.034482758620689655,0.2665545661235316,0.0027472527472527475,1.0,,,
195,-503,48.875,-125.625,14,1,25.0,9,7,True,0.06887755102040816,0.0,0.03443877551020408,0.03571428571428571,0.7777777777777778,6.215,1.3348018707840765,0.21487086363111668
195,-501,48.875,-125.125,4,1,2.0,2,2,True,0.24793956043956045,0.0,0.12396978021978022,0.008241758241758242,1.0,,,
195,-498,48.875,-124.375,3,1,3.0,0,0,False,0.3315018315018315,0.0,0.16575091575091574,0.005494505494505495,,,,
195,-497,48.875,-124.125,1,3,0.0,4,3,True,1.0,0.06896551724137931,0.5344827586206896,0.0,0.75,,,
195,-496,48.875,-123.875,11,1,12.25,9,6,True,0.08841158841158842,0.0,0.04420579420579421,0.027472527472527472,0.6666666666666666,5.295,2.080873254106948,0.3929509456987255
195,-495,48.875,-123.625,43,1,21.125,25,10,True,0.020572450805008944,0.0,0.010286225402504472,0.11538461538461539,0.4,3.6,1.0218901082558225,0.284825287794123
195,-494,48.875,-123.375,37,1,42.25,24,9,True,0.024354024354024357,0.0,0.012177012177012178,0.0989010989010989,0.375,3.3,0.6576877527343429,0.20268777694774748
195,-493,48.875,-123.125,1,30,0.0,3,3,True,1.0,1.0,1.0,0.0,1.0,,,
196,-505,49.125,-126.125,3,1,3.0,0,0,False,0.3315018315018315,0.0,0.16575091575091574,0.005494505494505495,,,,
196,-504,49.125,-125.875,6,2,3.0,2,2,True,0.16437728937728938,0.034482758620689655,0.09943002399898951,0.013736263736263736,1.0,,,
196,-503,49.125,-125.625,2,1,1.0,5,5,True,0.49862637362637363,0.0,0.24931318681318682,0.0027472527472527475,1.0,,,
196,-501,49.125,-125.125,2,2,1.0,0,0,False,0.49862637362637363,0.034482758620689655,0.2665545661235316,0.0027472527472527475,,,,
196,-500,49.125,-124.875,7,1,12.5,0,0,False,0.14050235478806908,0.0,0.07025117739403454,0.016483516483516484,,,,
196,-499,49.125,-124.625,28,2,24.5,0,0,False,0.0330651491365777,0.034482758620689655,0.033773953878633675,0.07417582417582418,,,,
196,-498,49.125,-124.375,15,1,6.0,23,11,True,0.0641025641025641,0.0,0.03205128205128205,0.038461538461538464,0.4782608695652174,4.94,1.317254482867401,0.26363659943055323
196,-497,49.125,-124.125,25,1,14.083333333333336,8,7,True,0.03736263736263736,0.0,0.01868131868131868,0.06593406593406594,0.875,7.0,1.0362597109431995,0.1480371015633146
196,-496,49.125,-123.875,146,1,37.5,39,13,True,0.00412087912087912,0.0,0.00206043956043956,0.3983516483516483,0.3333333333333333,3.065,1.212190348700704,0.3959476950205779
196,-495,49.125,-123.625,51,1,40.0,4,4,True,0.016914458090928678,0.0,0.008457229045464339,0.13736263736263737,1.0,,,
196,-494,49.125,-123.375,39,3,12.5,4,2,True,0.02296421527190758,0.06896551724137931,0.04596486625664344,0.1043956043956044,0.5,,,
196,-493,49.125,-123.125,147,1,81.38461538461539,167,32,True,0.0040741571353816244,0.0,0.0020370785676908122,0.4010989010989011,0.19161676646706588,2.165,0.5904387740424157,0.24561637409988304
196,-492,49.125,-122.875,77,1,272.25,63,30,True,0.01027543884686742,0.0,0.00513771942343371,0.2087912087912088,0.47619047619047616,4.35,1.3199131569761544,0.29524940037064457
196,-491,49.125,-122.625,75,1,55.125,42,31,True,0.010622710622710623,0.0,0.005311355311355312,0.2032967032967033,0.7380952380952381,6.55,3.9657079808423634,0.6037589866438106
196,-490,49.125,-122.375,38,1,66.125,21,18,True,0.023640832851359168,0.0,0.011820416425679584,0.10164835164835165,0.8571428571428571,7.06,2.2467202774093424,0.3179149794124654
196,-489,49.125,-122.125,17,1,25.0,58,29,True,0.056237879767291526,0.0,0.028118939883645763,0.04395604395604396,0.5,6.195,2.9054269375530413,0.45834139000849716
196,-488,49.125,-121.875,57,1,52.08333333333334,64,35,True,0.014844804318488529,0.0,0.007422402159244264,0.15384615384615385,0.546875,5.735,1.3024184009220872,0.22727187103830349
196,-487,49.125,-121.625,3,2,3.0,101,22,True,0.3315018315018315,0.034482758620689655,0.18299229506126058,0.005494505494505495,0.21782178217821782,5.65,0.41649607608391115,0.0730459052147574
196,-486,49.125,-121.375,1,2,0.0,12,11,True,1.0,0.034482758620689655,0.5172413793103449,0.0,0.9166666666666666,7.63,0.8528874484722148,0.11171294049312074
196,-485,49.125,-121.125,6,2,15.0,2,2,True,0.16437728937728938,0.034482758620689655,0.09943002399898951,0.013736263736263736,1.0,,,
196,-484,49.125,-120.875,58,1,33.33333333333334,102,19,True,0.014541492989768852,0.0,0.007270746494884426,0.1565934065934066,0.18627450980392157,2.425,0.870652967271555,0.33027708567541103
196,-483,49.125,-120.625,4,3,6.0,0,0,False,0.24793956043956045,0.06896551724137931,0.1584525388404699,0.008241758241758242,,,,
196,-481,49.125,-120.125,3,9,3.0,0,0,False,0.3315018315018315,0.27586206896551724,0.3036819502336744,0.005494505494505495,,,,
196,-480,49.125,-119.875,13,9,20.25,17,6,True,0.07438715131022823,0.27586206896551724,0.17512461013787273,0.03296703296703297,0.35294117647058826,3.89,2.0249301918194753,0.5272671125816926
196,-479,49.125,-119.625,119,2,133.38888888888889,902,184,True,0.005679194754825007,0.034482758620689655,0.02008097668775733,0.3241758241758242,0.2039911308203991,5.005,2.224414094383187,0.437504296064522
196,-478,49.125,-119.375,56,1,81.0,29,16,True,0.01515894819466248,0.0,0.00757947409733124,0.1510989010989011,0.5517241379310345,5.79,2.9398282593960516,0.5060169185720649
196,-477,49.125,-119.125,3,3,3.0,6,5,True,0.3315018315018315,0.06896551724137931,0.20023367437160539,0.005494505494505495,0.8333333333333334,,,
196,-476,49.125,-118.875,10,1,32.0,7,6,True,0.09752747252747253,0.0,0.048763736263736264,0.024725274725274724,0.8571428571428571,,,
196,-474,49.125,-118.375,3,3,3.0,72,41,True,0.3315018315018315,0.06896551724137931,0.20023367437160539,0.005494505494505495,0.5694444444444444,7.42,3.848647520855651,0.5167764288874642
196,-473,49.125,-118.125,1,3,0.0,2,2,True,1.0,0.06896551724137931,0.5344827586206896,0.0,1.0,,,
196,-472,49.125,-117.875,1,1,0.0,24,15,True,1.0,0.0,0.5,0.0,0.625,6.55,0.7536899403606577,0.11495376751651736
196,-471,49.125,-117.625,12,3,24.5,102,47,True,0.0808150183150183,0.06896551724137931,0.07489026777819881,0.03021978021978022,0.46078431372549017,7.38,2.5491384748245607,0.3437263088949888
196,-470,49.125,-117.375,26,1,48.16666666666666,4,3,True,0.03581994928148774,0.0,0.01790997464074387,0.06868131868131869,0.75,,,
196,-469,49.125,-117.125,8,2,18.0,0,0,False,0.12259615384615384,0.034482758620689655,0.07853945623342175,0.019230769230769232,,,,
196,-467,49.125,-116.625,6,1,3.0,20,13,True,0.16437728937728938,0.0,0.08218864468864469,0.013736263736263736,0.65,6.39,0.6329506257570315,0.09882866939842237
196,-466,49.125,-116.375,1,2,0.0,0,0,False,1.0,0.034482758620689655,0.5172413793103449,0.0,,,,
196,-461,49.125,-115.125,1,30,0.0,1,1,True,1.0,1.0,1.0,0.0,1.0,,,
196,-458,49.125,-114.375,1,13,0.0,0,0,False,1.0,0.41379310344827586,0.7068965517241379,0.0,,,,
196,-457,49.125,-114.125,40,1,23.14285714285714,73,32,True,0.022321428571428572,0.0,0.011160714285714286,0.10714285714285714,0.4383561643835616,6.185,2.0044343474979684,0.3176956678646257
197,-501,49.375,-125.125,1,4,0.0,0,0,False,1.0,0.10344827586206896,0.5517241379310345,0.0,,,,
197,-500,49.375,-124.875,3,3,3.0,14,14,True,0.3315018315018315,0.06896551724137931,0.20023367437160539,0.005494505494505495,1.0,8.0,5.2389497813905015,0.6548687226738127
197,-499,49.375,-124.625,28,1,56.25,26,16,True,0.0330651491365777,0.0,0.01653257456828885,0.07417582417582418,0.6153846153846154,6.51,1.8396100540255396,0.2811302026594538
197,-498,49.375,-124.375,23,1,10.083333333333336,10,8,True,0.04085045389393215,0.0,0.020425226946966076,0.06043956043956044,0.8,6.39,2.46215136953622,0.38527146582507127
197,-497,49.375,-124.125,9,1,1.5,9,8,True,0.10866910866910866,0.0,0.05433455433455433,0.02197802197802198,0.8888888888888888,7.125,1.89021184346029,0.2653459757414597
197,-496,49.375,-123.875,3,1,3.0,1,1,True,0.3315018315018315,0.0,0.16575091575091574,0.005494505494505495,1.0,,,
197,-495,49.375,-123.625,10,1,45.0,3,2,True,0.09752747252747253,0.0,0.048763736263736264,0.024725274725274724,0.6666666666666666,,,
197,-494,49.375,-123.375,178,1,162.0,27,14,True,0.0028861587850351894,0.0,0.0014430793925175947,0.48626373626373626,0.5185185185185185,4.165,2.043693481707576,0.48991692810966625
197,-493,49.375,-123.125,365,1,155.57142857142856,169,52,True,0.0,0.0,0.0,1.0,0.3076923076923077,4.055,1.6767211179802244,0.41717076719840146
197,-492,49.375,-122.875,60,1,65.33333333333333,63,30,True,0.013965201465201466,0.0,0.006982600732600733,0.1620879120879121,0.47619047619047616,5.49,1.835587493149942,0.3330677679157869
197,-491,49.375,-122.625,10,1,32.0,14,12,True,0.09752747252747253,0.0,0.048763736263736264,0.024725274725274724,0.8571428571428571,7.33,3.436670185299682,0.4696078710491472
197,-490,49.375,-122.375,6,1,8.0,1,1,True,0.16437728937728938,0.0,0.08218864468864469,0.013736263736263736,1.0,,,
197,-487,49.375,-121.625,19,7,1.0,13,8,True,0.05002891844997107,0.20689655172413793,0.1284627350870545,0.04945054945054945,0.6153846153846154,5.23,0.9570703736674493,0.18339333903264105
197,-486,49.375,-121.375,2,1,1.0,7,7,True,0.49862637362637363,0.0,0.24931318681318682,0.0027472527472527475,1.0,,,
197,-483,49.375,-120.625,44,1,28.16666666666667,53,20,True,0.020042457542457544,0.0,0.010021228771228772,0.11813186813186813,0.37735849056603776,4.5,0.5667534143030237,0.12640933600842155
197,-482,49.375,-120.375,103,1,40.5,1,1,True,0.006988157473594366,0.0,0.003494078736797183,0.2802197802197802,1.0,,,
197,-481,49.375,-120.125,15,3,6.0,1,1,True,0.0641025641025641,0.06896551724137931,0.0665340406719717,0.038461538461538464,1.0,,,
197,-479,49.375,-119.625,80,1,272.25,471,181,True,0.009787087912087914,0.0,0.004893543956043957,0.21703296703296704,0.3842887473460722,6.675,3.1083008536645775,0.46585707508862717
197,-477,49.375,-119.125,1,8,0.0,0,0,False,1.0,0.2413793103448276,0.6206896551724138,0.0,,,,
197,-474,49.375,-118.375,1,19,0.0,1,1,True,1.0,0.6206896551724138,0.8103448275862069,0.0,1.0,,,
197,-472,49.375,-117.875,3,14,3.0,5,4,True,0.3315018315018315,0.4482758620689655,0.3898888467853985,0.005494505494505495,0.8,,,
197,-471,49.375,-117.625,9,2,36.0,21,14,True,0.10866910866910866,0.034482758620689655,0.07157593364489916,0.02197802197802198,0.6666666666666666,6.62,1.4060374218783322,0.2109068373774465
197,-470,49.375,-117.375,21,3,180.5,8,7,True,0.04500261643118785,0.06896551724137931,0.056984066836283584,0.054945054945054944,0.875,7.0,1.0195751652704748,0.14565359503863842
197,-469,49.375,-117.125,3,3,0.5,1,1,True,0.3315018315018315,0.06896551724137931,0.20023367437160539,0.005494505494505495,1.0,,,
197,-467,49.375,-116.625,1,5,0.0,50,29,True,1.0,0.13793103448275862,0.5689655172413793,0.0,0.58,7.13,1.8197355877319847,0.2538674041372128
197,-463,49.375,-115.625,1,14,0.0,0,0,False,1.0,0.4482758620689655,0.7241379310344828,0.0,,,,
197,-460,49.375,-114.875,1,15,0.0,0,0,False,1.0,0.4827586206896552,0.7413793103448276,0.0,,,,
197,-458,49.375,-114.375,11,5,28.0,74,37,True,0.08841158841158842,0.13793103448275862,0.11317131144717352,0.027472527472527472,0.5,6.935,4.282493957920594,0.623833098947961
197,-457,49.375,-114.125,7,3,21.0,0,0,False,0.14050235478806908,0.06896551724137931,0.1047339360147242,0.016483516483516484,,,,
198,-503,49.625,-125.625,1,20,0.0,1,1,True,1.0,0.6551724137931034,0.8275862068965517,0.0,1.0,,,
198,-502,49.625,-125.375,22,1,13.5,20,7,True,0.04283216783216783,0.0,0.021416083916083916,0.057692307692307696,0.35,3.665,0.9155630926743601,0.24988417641279004
198,-501,49.625,-125.125,19,2,144.5,2,2,True,0.05002891844997107,0.034482758620689655,0.04225583853533037,0.04945054945054945,1.0,,,
198,-500,49.625,-124.875,38,1,231.0,154,37,True,0.023640832851359168,0.0,0.011820416425679584,0.10164835164835165,0.24025974025974026,3.245,0.8048612685705885,0.24738569036484911
198,-499,49.625,-124.625,6,1,1.0,4,4,True,0.16437728937728938,0.0,0.08218864468864469,0.013736263736263736,1.0,,,
198,-498,49.625,-124.375,1,2,0.0,2,2,True,1.0,0.034482758620689655,0.5172413793103449,0.0,1.0,,,
198,-496,49.625,-123.875,11,1,12.25,3,3,True,0.08841158841158842,0.0,0.04420579420579421,0.027472527472527472,1.0,,,
198,-495,49.625,-123.625,26,2,6.25,1,0,True,0.03581994928148774,0.034482758620689655,0.0351513539510887,0.06868131868131869,0.0,,,
198,-493,49.625,-123.125,14,2,40.5,41,15,True,0.06887755102040816,0.034482758620689655,0.051680154820548906,0.03571428571428571,0.36585365853658536,4.9,1.9109772757102295,0.3857753846530301
198,-487,49.625,-121.625,1,1,0.0,2,2,True,1.0,0.0,0.5,0.0,1.0,,,
198,-486,49.625,-121.375,3,5,0.5,0,0,False,0.3315018315018315,0.13793103448275862,0.23471643299229505,0.005494505494505495,,,,
198,-485,49.625,-121.125,17,1,136.0,5,3,True,0.056237879767291526,0.0,0.028118939883645763,0.04395604395604396,0.6,,,
198,-484,49.625,-120.875,29,1,21.125,8,4,True,0.031830238726790444,0.0,0.015915119363395222,0.07692307692307693,0.5,4.0,1.0872833565856275,0.27182083914640687
198,-483,49.625,-120.625,3,1,3.0,46,22,True,0.3315018315018315,0.0,0.16575091575091574,0.005494505494505495,0.4782608695652174,6.155,1.151327076835528,0.18567979261598067
198,-482,49.625,-120.375,1,15,0.0,0,0,False,1.0,0.4827586206896552,0.7413793103448276,0.0,,,,
198,-481,49.625,-120.125,3,8,3.0,0,0,False,0.3315018315018315,0.2413793103448276,0.28644057092332953,0.005494505494505495,,,,
198,-480,49.625,-119.875,7,2,6.0,77,27,True,0.14050235478806908,0.034482758620689655,0.08749255670437936,0.016483516483516484,0.35064935064935066,5.485,1.9511812999092009,0.3509955822804231
198,-479,49.625,-119.625,28,1,54.0,74,40,True,0.0330651491365777,0.0,0.01653257456828885,0.07417582417582418,0.5405405405405406,5.955,2.302294491282905,0.38623084627902105
198,-476,49.625,-118.875,1,2,0.0,0,0,False,1.0,0.034482758620689655,0.5172413793103449,0.0,,,,
198,-475,49.625,-118.625,2,20,1.0,9,7,True,0.49862637362637363,0.6551724137931034,0.5768993937097385,0.0027472527472527475,0.7777777777777778,6.435,2.122267106603079,0.33115706543287743
198,-471,49.625,-117.625,59,1,30.08333333333333,49,23,True,0.014248463401005775,0.0,0.007124231700502887,0.15934065934065933,0.46938775510204084,5.485,1.221180657037987,0.2197031898028044
198,-470,49.625,-117.375,17,1,112.5,10,8,True,0.056237879767291526,0.0,0.028118939883645763,0.04395604395604396,0.8,6.57,2.8797267109450275,0.43802657206646506
198,-469,49.625,-117.125,4,3,6.0,3,2,True,0.24793956043956045,0.06896551724137931,0.1584525388404699,0.008241758241758242,0.6666666666666666,,,
198,-468,49.625,-116.875,20,1,3.5999999999999996,4,2,True,0.04739010989010989,0.0,0.023695054945054944,0.0521978021978022,0.5,,,
198,-465,49.625,-116.125,4,27,6.0,0,0,False,0.24793956043956045,0.896551724137931,0.5722456422887457,0.008241758241758242,,,,
198,-464,49.625,-115.875,3,2,3.0,5,4,True,0.3315018315018315,0.034482758620689655,0.18299229506126058,0.005494505494505495,0.8,,,
198,-462,49.625,-115.375,1,2,0.0,0,0,False,1.0,0.034482758620689655,0.5172413793103449,0.0,,,,
198,-459,49.625,-114.625,1,28,0.0,3,3,True,1.0,0.9310344827586207,0.9655172413793103,0.0,1.0,,,
198,-458,49.625,-114.375,3,1,3.0,11,6,True,0.3315018315018315,0.0,0.16575091575091574,0.005494505494505495,0.5454545454545454,4.92,0.46869226705310363,0.0946968572036062
199,-504,49.875,-125.875,6,1,15.0,0,0,False,0.16437728937728938,0.0,0.08218864468864469,0.013736263736263736,,,,
199,-503,49.875,-125.625,25,1,3.125,2,2,True,0.03736263736263736,0.0,0.01868131868131868,0.06593406593406594,1.0,,,
199,-502,49.875,-125.375,3,1,3.0,0,0,False,0.3315018315018315,0.0,0.16575091575091574,0.005494505494505495,,,,
199,-501,49.875,-125.125,18,1,28.0,23,12,True,0.05296092796092795,0.0,0.026480463980463977,0.046703296703296704,0.5217391304347826,5.24,0.5877185583561093,0.11149425960710936
199,-500,49.875,-124.875,1,2,0.0,2,2,True,1.0,0.034482758620689655,0.5172413793103449,0.0,1.0,,,
199,-499,49.875,-124.625,5,1,10.0,1,1,True,0.19780219780219782,0.0,0.09890109890109891,0.01098901098901099,1.0,,,
199,-497,49.875,-124.125,1,1,0.0,0,0,False,1.0,0.0,0.5,0.0,,,,
199,-494,49.875,-123.375,1,3,0.0,0,0,False,1.0,0.06896551724137931,0.5344827586206896,0.0,,,,
199,-493,49.875,-123.125,5,1,4.5,6,6,True,0.19780219780219782,0.0,0.09890109890109891,0.01098901098901099,1.0,,,
199,-492,49.875,-122.875,1,3,0.0,2,2,True,1.0,0.06896551724137931,0.5344827586206896,0.0,1.0,,,
199,-486,49.875,-121.375,1,5,0.0,0,0,False,1.0,0.13793103448275862,0.5689655172413793,0.0,,,,
199,-485,49.875,-121.125,1,1,0.0,0,0,False,1.0,0.0,0.5,0.0,,,,
199,-484,49.875,-120.875,36,2,66.66666666666667,1,1,True,0.025106837606837604,0.034482758620689655,0.029794798113763628,0.09615384615384616,1.0,,,
199,-480,49.875,-119.875,34,2,28.125,2,2,True,0.02674531351001939,0.034482758620689655,0.030614036065354525,0.09065934065934066,1.0,,,
199,-479,49.875,-119.625,13,1,78.0,34,14,True,0.07438715131022823,0.0,0.037193575655114115,0.03296703296703297,0.4117647058823529,5.365,1.9645009135254454,0.3576491201236645
199,-478,49.875,-119.375,36,1,22.5,49,27,True,0.025106837606837604,0.0,0.012553418803418802,0.09615384615384616,0.5510204081632653,5.435,1.4438345835917992,0.26879599674656895
199,-477,49.875,-119.125,2,3,1.0,1,1,True,0.49862637362637363,0.06896551724137931,0.2837959454338765,0.0027472527472527475,1.0,,,
199,-470,49.875,-117.375,2,7,0.0,1,1,True,0.49862637362637363,0.20689655172413793,0.35276146267525577,0.0027472527472527475,1.0,,,
199,-468,49.875,-116.875,5,3,10.0,44,13,True,0.19780219780219782,0.06896551724137931,0.13338385752178855,0.01098901098901099,0.29545454545454547,5.525,1.0390723754726616,0.18691791651450548
199,-463,49.875,-115.625,3,2,3.0,1,1,True,0.3315018315018315,0.034482758620689655,0.18299229506126058,0.005494505494505495,1.0,,,
200,-509,50.125,-127.125,1,9,0.0,0,0,False,1.0,0.27586206896551724,0.6379310344827587,0.0,,,,
200,-502,50.125,-125.375,6,1,15.0,3,2,True,0.16437728937728938,0.0,0.08218864468864469,0.013736263736263736,0.6666666666666666,,,
200,-501,50.125,-125.125,14,2,12.25,8,7,True,0.06887755102040816,0.034482758620689655,0.051680154820548906,0.03571428571428571,0.875,7.0,0.5476297915029955,0.07823282735757071
200,-495,50.125,-123.625,1,15,0.0,0,0,False,1.0,0.4827586206896552,0.7413793103448276,0.0,,,,
200,-493,50.125,-123.125,2,22,1.0,1,1,True,0.49862637362637363,0.7241379310344828,0.6113821523304281,0.0027472527472527475,1.0,,,
200,-492,50.125,-122.875,2,2,1.0,16,14,True,0.49862637362637363,0.034482758620689655,0.2665545661235316,0.0027472527472527475,0.875,7.3,2.0937192852424875,0.28634445389975294
200,-485,50.125,-121.125,1,1,0.0,0,0,False,1.0,0.0,0.5,0.0,,,,
200,-484,50.125,-120.875,35,1,544.5,4,3,True,0.025902668759811617,0.0,0.012951334379905808,0.09340659340659341,0.75,,,
200,-483,50.125,-120.625,32,5,496.0,12,7,True,0.0285885989010989,0.13793103448275862,0.08325981669192876,0.08516483516483517,0.5833333333333334,5.35,1.588298076167998,0.2910905018820143
200,-482,50.125,-120.375,1,1,0.0,0,0,False,1.0,0.0,0.5,0.0,,,,
200,-479,50.125,-119.625,2,3,0.0,1,1,True,0.49862637362637363,0.06896551724137931,0.2837959454338765,0.0027472527472527475,1.0,,,
200,-478,50.125,-119.375,14,1,91.0,15,13,True,0.06887755102040816,0.0,0.03443877551020408,0.03571428571428571,0.8666666666666667,7.365,2.99512056974154,0.4055839180335856
200,-477,50.125,-119.125,4,9,6.0,4,4,True,0.24793956043956045,0.27586206896551724,0.26190081470253884,0.008241758241758242,1.0,,,
200,-476,50.125,-118.875,1,3,0.0,2,2,True,1.0,0.06896551724137931,0.5344827586206896,0.0,1.0,,,
200,-470,50.125,-117.375,2,14,1.0,0,0,False,0.49862637362637363,0.4482758620689655,0.4734511178476696,0.0027472527472527475,,,,
200,-469,50.125,-117.125,15,2,18.0,11,8,True,0.0641025641025641,0.034482758620689655,0.049292661361626876,0.038461538461538464,0.7272727272727273,6.435,0.24224543557242342,0.03764041745604734
200,-468,50.125,-116.875,7,1,12.5,3,3,True,0.14050235478806908,0.0,0.07025117739403454,0.016483516483516484,1.0,,,
200,-464,50.125,-115.875,2,7,1.0,0,0,False,0.49862637362637363,0.20689655172413793,0.35276146267525577,0.0027472527472527475,,,,
200,-457,50.125,-114.125,3,12,0.5,0,0,False,0.3315018315018315,0.3793103448275862,0.35540608816470887,0.005494505494505495,,,,
201,-507,50.375,-126.625,234,5,36.125,0,0,False,0.0015379919226073077,0.13793103448275862,0.06973451320268297,0.6401098901098901,,,,
201,-506,50.375,-126.375,16,5,6.25,1,1,True,0.059924450549450545,0.13793103448275862,0.09892774251610459,0.04120879120879121,1.0,,,
201,-494,50.375,-123.375,1,3,0.0,0,0,False,1.0,0.06896551724137931,0.5344827586206896,0.0,,,,
201,-492,50.375,-122.875,3,2,3.0,2,2,True,0.3315018315018315,0.034482758620689655,0.18299229506126058,0.005494505494505495,1.0,,,
201,-491,50.375,-122.625,4,2,2.0,0,0,False,0.24793956043956045,0.034482758620689655,0.14121115953012506,0.008241758241758242,,,,
201,-486,50.375,-121.375,114,1,50.0,36,18,True,0.00604877578561789,0.0,0.003024387892808945,0.31043956043956045,0.5,5.9,2.2315802501628053,0.37381674727620395
201,-485,50.375,-121.125,1,14,0.0,0,0,False,1.0,0.4482758620689655,0.7241379310344828,0.0,,,,
201,-483,50.375,-120.625,1,2,0.0,0,0,False,1.0,0.034482758620689655,0.5172413793103449,0.0,,,,
201,-482,50.375,-120.375,15,1,6.125,0,0,False,0.0641025641025641,0.0,0.03205128205128205,0.038461538461538464,,,,
201,-481,50.375,-120.125,4,3,2.0,0,0,False,0.24793956043956045,0.06896551724137931,0.1584525388404699,0.008241758241758242,,,,
201,-480,50.375,-119.875,4,4,6.0,0,0,False,0.24793956043956045,0.10344827586206896,0.1756939181508147,0.008241758241758242,,,,
201,-478,50.375,-119.375,12,1,16.0,8,6,True,0.0808150183150183,0.0,0.04040750915750915,0.03021978021978022,0.75,6.0,2.447721067925614,0.40795351132093605
201,-477,50.375,-119.125,7,1,2.25,1,1,True,0.14050235478806908,0.0,0.07025117739403454,0.016483516483516484,1.0,,,
201,-475,50.375,-118.625,1,3,0.0,0,0,False,1.0,0.06896551724137931,0.5344827586206896,0.0,,,,
201,-469,50.375,-117.125,4,2,2.0,0,0,False,0.24793956043956045,0.034482758620689655,0.14121115953012506,0.008241758241758242,,,,
201,-468,50.375,-116.875,1,2,0.0,0,0,False,1.0,0.034482758620689655,0.5172413793103449,0.0,,,,
201,-465,50.375,-116.125,3,2,0.5,1,1,True,0.3315018315018315,0.034482758620689655,0.18299229506126058,0.005494505494505495,1.0,,,
201,-460,50.375,-114.875,2,3,1.0,0,0,False,0.49862637362637363,0.06896551724137931,0.2837959454338765,0.0027472527472527475,,,,
201,-459,50.375,-114.625,107,2,12.25,1,1,True,0.006624216904590735,0.034482758620689655,0.020553487762640196,0.29120879120879123,1.0,,,
202,-513,50.625,-128.125,1,8,0.0,0,0,False,1.0,0.2413793103448276,0.6206896551724138,0.0,,,,
202,-509,50.625,-127.125,1,11,0.0,0,0,False,1.0,0.3448275862068966,0.6724137931034483,0.0,,,,
202,-508,50.625,-126.875,1,9,0.0,0,0,False,1.0,0.27586206896551724,0.6379310344827587,0.0,,,,
202,-493,50.625,-123.125,2,1,0.0,0,0,False,0.49862637362637363,0.0,0.24931318681318682,0.0027472527472527475,,,,
202,-490,50.625,-122.375,1,14,0.0,0,0,False,1.0,0.4482758620689655,0.7241379310344828,0.0,,,,
202,-488,50.625,-121.875,3,3,0.5,5,5,True,0.3315018315018315,0.06896551724137931,0.20023367437160539,0.005494505494505495,1.0,,,
202,-485,50.625,-121.125,1,12,0.0,4,4,True,1.0,0.3793103448275862,0.6896551724137931,0.0,1.0,,,
202,-484,50.625,-120.875,14,9,25.0,1,1,True,0.06887755102040816,0.27586206896551724,0.1723698099929627,0.03571428571428571,1.0,,,
202,-482,50.625,-120.375,52,1,90.75,55,28,True,0.0165363482671175,0.0,0.00826817413355875,0.1401098901098901,0.509090909090909,5.335,2.5744443390753196,0.4824889006734546
202,-481,50.625,-120.125,16,1,120.0,3,3,True,0.059924450549450545,0.0,0.029962225274725272,0.04120879120879121,1.0,,,
202,-478,50.625,-119.375,11,2,55.0,9,5,True,0.08841158841158842,0.034482758620689655,0.061447173516139035,0.027472527472527472,0.5555555555555556,4.7,0.7982997682098353,0.16892319964495983
202,-477,50.625,-119.125,1,26,0.0,7,5,True,1.0,0.8620689655172413,0.9310344827586207,0.0,0.7142857142857143,,,
202,-473,50.625,-118.125,1,2,0.0,0,0,False,1.0,0.034482758620689655,0.5172413793103449,0.0,,,,
202,-465,50.625,-116.125,2,21,1.0,1,1,True,0.49862637362637363,0.6896551724137931,0.5941407730200834,0.0027472527472527475,1.0,,,
202,-461,50.625,-115.125,7,2,21.0,10,9,True,0.14050235478806908,0.034482758620689655,0.08749255670437936,0.016483516483516484,0.9,7.42,2.9518061028992206,0.3990959194692866
202,-460,50.625,-114.875,1,3,0.0,31,16,True,1.0,0.06896551724137931,0.5344827586206896,0.0,0.5161290322580645,6.36,2.9947593072206713,0.4667769878715482
202,-459,50.625,-114.625,5,1,1.0,10,7,True,0.19780219780219782,0.0,0.09890109890109891,0.01098901098901099,0.7,5.88,0.4301040325892727,0.07293968406853724
202,-458,50.625,-114.375,1,5,0.0,2,2,True,1.0,0.13793103448275862,0.5689655172413793,0.0,1.0,,,
202,-457,50.625,-114.125,1,2,0.0,2,2,True,1.0,0.034482758620689655,0.5172413793103449,0.0,1.0,,,
203,-505,50.875,-126.125,4,1,6.0,0,0,False,0.24793956043956045,0.0,0.12396978021978022,0.008241758241758242,,,,
203,-492,50.875,-122.875,1,25,0.0,1,1,True,1.0,0.8275862068965517,0.9137931034482758,0.0,1.0,,,
203,-485,50.875,-121.125,1,3,0.0,8,7,True,1.0,0.06896551724137931,0.5344827586206896,0.0,0.875,7.0,3.4346597020590615,0.4906656717227235
203,-484,50.875,-120.875,1,21,0.0,0,0,False,1.0,0.6896551724137931,0.8448275862068966,0.0,,,,
203,-483,50.875,-120.625,3,3,3.0,0,0,False,0.3315018315018315,0.06896551724137931,0.20023367437160539,0.005494505494505495,,,,
203,-482,50.875,-120.375,15,4,13.5,19,8,True,0.0641025641025641,0.10344827586206896,0.08377541998231652,0.038461538461538464,0.42105263157894735,4.055,1.0423045624305656,0.256305716005554
203,-481,50.875,-120.125,1,1,0.0,1,1,True,1.0,0.0,0.5,0.0,1.0,,,
203,-479,50.875,-119.625,2,2,1.0,9,7,True,0.49862637362637363,0.034482758620689655,0.2665545661235316,0.0027472527472527475,0.7777777777777778,6.395,0.5371380754147096,0.0838936449190477
203,-478,50.875,-119.375,26,1,84.5,2,2,True,0.03581994928148774,0.0,0.01790997464074387,0.06868131868131869,1.0,,,
203,-477,50.875,-119.125,13,1,60.5,0,0,False,0.07438715131022823,0.0,0.037193575655114115,0.03296703296703297,,,,
203,-476,50.875,-118.875,1,3,0.0,0,0,False,1.0,0.06896551724137931,0.5344827586206896,0.0,,,,
203,-475,50.875,-118.625,1,4,0.0,3,3,True,1.0,0.10344827586206896,0.5517241379310345,0.0,1.0,,,
203,-473,50.875,-118.125,15,2,3.0,13,8,True,0.0641025641025641,0.034482758620689655,0.049292661361626876,0.038461538461538464,0.6153846153846154,5.205,0.7869474954412331,0.14891353554062636
203,-472,50.875,-117.875,3,2,0.5,0,0,False,0.3315018315018315,0.034482758620689655,0.18299229506126058,0.005494505494505495,,,,
203,-464,50.875,-115.875,3,1,3.0,0,0,False,0.3315018315018315,0.0,0.16575091575091574,0.005494505494505495,,,,
203,-462,50.875,-115.375,4,2,6.0,5,5,True,0.24793956043956045,0.034482758620689655,0.14121115953012506,0.008241758241758242,1.0,,,
203,-461,50.875,-115.125,27,1,25.0,4,1,True,0.03439153439153439,0.0,0.017195767195767195,0.07142857142857142,0.25,,,
203,-460,50.875,-114.875,6,1,8.0,26,10,True,0.16437728937728938,0.0,0.08218864468864469,0.013736263736263736,0.38461538461538464,4.26,0.7757242290210661,0.17795721715909463
203,-459,50.875,-114.625,69,1,44.099999999999994,76,16,True,0.01178531613314222,0.0,0.00589265806657111,0.18681318681318682,0.21052631578947367,3.0,0.8975883914832152,0.28756525962978335
203,-458,50.875,-114.375,1,3,0.0,0,0,False,1.0,0.06896551724137931,0.5344827586206896,0.0,,,,
203,-457,50.875,-114.125,53,1,78.4,50,30,True,0.016172506738544475,0.0,0.008086253369272238,0.14285714285714285,0.6,6.47,2.8574374832605747,0.4377684194119581
204,-491,51.125,-122.625,1,9,0.0,0,0,False,1.0,0.27586206896551724,0.6379310344827587,0.0,,,,
204,-489,51.125,-122.125,1,8,0.0,0,0,False,1.0,0.2413793103448276,0.6206896551724138,0.0,,,,
204,-487,51.125,-121.625,9,5,1.0,0,0,False,0.10866910866910866,0.13793103448275862,0.12330007157593365,0.02197802197802198,,,,
204,-481,51.125,-120.125,4,2,2.0,1,1,True,0.24793956043956045,0.034482758620689655,0.14121115953012506,0.008241758241758242,1.0,,,
204,-480,51.125,-119.875,4,1,2.0,0,0,False,0.24793956043956045,0.0,0.12396978021978022,0.008241758241758242,,,,
204,-479,51.125,-119.625,1,3,0.0,0,0,False,1.0,0.06896551724137931,0.5344827586206896,0.0,,,,
204,-478,51.125,-119.375,6,2,8.0,0,0,False,0.16437728937728938,0.034482758620689655,0.09943002399898951,0.013736263736263736,,,,
204,-473,51.125,-118.125,2,1,1.0,7,6,True,0.49862637362637363,0.0,0.24931318681318682,0.0027472527472527475,0.8571428571428571,,,
204,-467,51.125,-116.625,1,11,0.0,14,11,True,1.0,0.3448275862068966,0.6724137931034483,0.0,0.7857142857142857,7.06,1.0832036185248604,0.1530904869205243
204,-465,51.125,-116.125,3,23,0.5,4,4,True,0.3315018315018315,0.7586206896551724,0.5450612605785019,0.005494505494505495,1.0,,,
204,-463,51.125,-115.625,20,1,78.0,31,19,True,0.04739010989010989,0.0,0.023695054945054944,0.0521978021978022,0.6129032258064516,6.41,1.19923720753552,0.18587000674919707
204,-462,51.125,-115.375,27,1,81.0,25,11,True,0.03439153439153439,0.0,0.017195767195767195,0.07142857142857142,0.44,3.665,1.0923457723345877,0.2957593959779246
204,-461,51.125,-115.125,91,1,42.66666666666666,14,7,True,0.008271947832387393,0.0,0.004135973916193697,0.24725274725274726,0.5,4.255,1.5720749008963661,0.36592477257629574
204,-460,51.125,-114.875,12,2,24.5,88,16,True,0.0808150183150183,0.034482758620689655,0.05764888846785398,0.03021978021978022,0.18181818181818182,4.275,0.9251512464990084,0.21852940922331127
204,-458,51.125,-114.375,10,1,9.0,5,5,True,0.09752747252747253,0.0,0.048763736263736264,0.024725274725274724,1.0,,,
204,-457,51.125,-114.125,76,1,52.5625,68,36,True,0.01044679005205321,0.0,0.005223395026026605,0.20604395604395603,0.5294117647058824,5.845,2.601428263040885,0.4457163699126631
205,-488,51.375,-121.875,5,7,1.0,0,0,False,0.19780219780219782,0.20689655172413793,0.2023493747631679,0.01098901098901099,,,,
205,-487,51.375,-121.625,1,5,0.0,0,0,False,1.0,0.13793103448275862,0.5689655172413793,0.0,,,,
205,-484,51.375,-120.875,1,3,0.0,0,0,False,1.0,0.06896551724137931,0.5344827586206896,0.0,,,,
205,-483,51.375,-120.625,1,8,0.0,0,0,False,1.0,0.2413793103448276,0.6206896551724138,0.0,,,,
205,-481,51.375,-120.125,1,20,0.0,0,0,False,1.0,0.6551724137931034,0.8275862068965517,0.0,,,,
205,-471,51.375,-117.625,2,14,1.0,0,0,False,0.49862637362637363,0.4482758620689655,0.4734511178476696,0.0027472527472527475,,,,
205,-470,51.375,-117.375,1,14,0.0,3,2,True,1.0,0.4482758620689655,0.7241379310344828,0.0,0.6666666666666666,,,
205,-469,51.375,-117.125,1,1,0.0,1,1,True,1.0,0.0,0.5,0.0,1.0,,,
205,-468,51.375,-116.875,3,1,3.0,3,3,True,0.3315018315018315,0.0,0.16575091575091574,0.005494505494505495,1.0,,,
205,-467,51.375,-116.625,3,1,3.0,10,7,True,0.3315018315018315,0.0,0.16575091575091574,0.005494505494505495,0.7,5.795,2.4407020577981595,0.4228298019771087
205,-466,51.375,-116.375,2,2,0.0,14,10,True,0.49862637362637363,0.034482758620689655,0.2665545661235316,0.0027472527472527475,0.7142857142857143,6.625,1.6409828603357164,0.24636707556246776
205,-459,51.375,-114.625,5,1,10.0,5,5,True,0.19780219780219782,0.0,0.09890109890109891,0.01098901098901099,1.0,,,
205,-458,51.375,-114.375,3,1,3.0,0,0,False,0.3315018315018315,0.0,0.16575091575091574,0.005494505494505495,,,,
205,-457,51.375,-114.125,7,6,12.5,3,3,True,0.14050235478806908,0.1724137931034483,0.15645807394575867,0.016483516483516484,1.0,,,
206,-513,51.625,-128.125,162,20,24.045454545454547,0,0,False,0.0034425451092117755,0.6551724137931034,0.3293074794511576,0.4423076923076923,,,,
206,-512,51.625,-127.875,24,23,2.25,0,0,False,0.03903388278388278,0.7586206896551724,0.39882728621952757,0.06318681318681318,,,,
206,-510,51.625,-127.375,3,23,0.5,0,0,False,0.3315018315018315,0.7586206896551724,0.5450612605785019,0.005494505494505495,,,,
206,-486,51.625,-121.375,19,2,2.0,7,4,True,0.05002891844997107,0.034482758620689655,0.04225583853533037,0.04945054945054945,0.5714285714285714,,,
206,-484,51.625,-120.875,2,2,1.0,0,0,False,0.49862637362637363,0.034482758620689655,0.2665545661235316,0.0027472527472527475,,,,
206,-481,51.625,-120.125,27,2,56.25,3,2,True,0.03439153439153439,0.034482758620689655,0.03443714650611202,0.07142857142857142,0.6666666666666666,,,
206,-470,51.625,-117.375,1,26,0.0,0,0,False,1.0,0.8620689655172413,0.9310344827586207,0.0,,,,
206,-467,51.625,-116.625,3,1,3.0,1,1,True,0.3315018315018315,0.0,0.16575091575091574,0.005494505494505495,1.0,,,
206,-466,51.625,-116.375,2,2,1.0,8,6,True,0.49862637362637363,0.034482758620689655,0.2665545661235316,0.0027472527472527475,0.75,6.0,2.3876945312554056,0.3979490885425659
206,-460,51.625,-114.875,17,13,9.0,0,0,False,0.056237879767291526,0.41379310344827586,0.23501549160778368,0.04395604395604396,,,,
206,-459,51.625,-114.625,3,16,3.0,0,0,False,0.3315018315018315,0.5172413793103449,0.4243716054060882,0.005494505494505495,,,,
206,-458,51.625,-114.375,2,14,1.0,1,1,True,0.49862637362637363,0.4482758620689655,0.4734511178476696,0.0027472527472527475,1.0,,,
206,-457,51.625,-114.125,1,30,0.0,0,0,False,1.0,1.0,1.0,0.0,,,,
207,-492,51.875,-122.875,4,19,6.0,38,18,True,0.24793956043956045,0.6206896551724138,0.43431460780598713,0.008241758241758242,0.47368421052631576,6.6,1.9796981358225747,0.29837421993214586
207,-491,51.875,-122.625,2,6,1.0,0,0,False,0.49862637362637363,0.1724137931034483,0.33552008336491096,0.0027472527472527475,,,,
207,-486,51.875,-121.375,11,2,12.25,0,0,False,0.08841158841158842,0.034482758620689655,0.061447173516139035,0.027472527472527472,,,,
207,-485,51.875,-121.125,3,1,3.0,14,6,True,0.3315018315018315,0.0,0.16575091575091574,0.005494505494505495,0.42857142857142855,4.43,1.5013922423161696,0.32948438738159647
207,-481,51.875,-120.125,8,1,18.0,2,1,True,0.12259615384615384,0.0,0.06129807692307692,0.019230769230769232,0.5,,,
207,-480,51.875,-119.875,1,19,0.0,0,0,False,1.0,0.6206896551724138,0.8103448275862069,0.0,,,,
207,-458,51.875,-114.375,3,1,3.0,3,2,True,0.3315018315018315,0.0,0.16575091575091574,0.005494505494505495,0.6666666666666666,,,
207,-457,51.875,-114.125,1,2,0.0,0,0,False,1.0,0.034482758620689655,0.5172413793103449,0.0,,,,
208,-513,52.125,-128.125,1,1,0.0,0,0,False,1.0,0.0,0.5,0.0,,,,
208,-510,52.125,-127.375,1,1,0.0,0,0,False,1.0,0.0,0.5,0.0,,,,
208,-489,52.125,-122.125,10,1,32.0,1,1,True,0.09752747252747253,0.0,0.048763736263736264,0.024725274725274724,1.0,,,
208,-481,52.125,-120.125,7,1,12.5,0,0,False,0.14050235478806908,0.0,0.07025117739403454,0.016483516483516484,,,,
208,-468,52.125,-116.875,1,4,0.0,2,2,True,1.0,0.10344827586206896,0.5517241379310345,0.0,1.0,,,
208,-466,52.125,-116.375,1,7,0.0,58,37,True,1.0,0.20689655172413793,0.603448275862069,0.0,0.6379310344827587,7.465,6.2098070474747,0.8296679866144436
208,-461,52.125,-115.125,1,2,0.0,0,0,False,1.0,0.034482758620689655,0.5172413793103449,0.0,,,,
208,-460,52.125,-114.875,1,1,0.0,6,4,True,1.0,0.0,0.5,0.0,0.6666666666666666,,,
208,-459,52.125,-114.625,1,1,0.0,0,0,False,1.0,0.0,0.5,0.0,,,,
208,-458,52.125,-114.375,1,29,0.0,5,3,True,1.0,0.9655172413793104,0.9827586206896552,0.0,0.6,,,
209,-508,52.375,-126.875,1,1,0.0,0,0,False,1.0,0.0,0.5,0.0,,,,
209,-501,52.375,-125.125,7,3,12.5,0,0,False,0.14050235478806908,0.06896551724137931,0.1047339360147242,0.016483516483516484,,,,
209,-495,52.375,-123.625,2,12,1.0,0,0,False,0.49862637362637363,0.3793103448275862,0.4389683592269799,0.0027472527472527475,,,,
209,-490,52.375,-122.375,3,6,0.5,0,0,False,0.3315018315018315,0.1724137931034483,0.2519578123026399,0.005494505494505495,,,,
209,-470,52.375,-117.375,3,2,3.0,2,2,True,0.3315018315018315,0.034482758620689655,0.18299229506126058,0.005494505494505495,1.0,,,
209,-467,52.375,-116.625,1,1,0.0,0,0,False,1.0,0.0,0.5,0.0,,,,
209,-466,52.375,-116.375,1,1,0.0,4,3,True,1.0,0.0,0.5,0.0,0.75,,,
209,-465,52.375,-116.125,1,1,0.0,2,2,True,1.0,0.0,0.5,0.0,1.0,,,
209,-464,52.375,-115.875,2,1,1.0,0,0,False,0.49862637362637363,0.0,0.24931318681318682,0.0027472527472527475,,,,
209,-460,52.375,-114.875,3,3,3.0,6,5,True,0.3315018315018315,0.06896551724137931,0.20023367437160539,0.005494505494505495,0.8333333333333334,,,
209,-458,52.375,-114.375,1,6,0.0,0,0,False,1.0,0.1724137931034483,0.5862068965517242,0.0,,,,
209,-457,52.375,-114.125,6,1,8.0,1,1,True,0.16437728937728938,0.0,0.08218864468864469,0.013736263736263736,1.0,,,
210,-490,52.625,-122.375,1,1,0.0,0,0,False,1.0,0.0,0.5,0.0,,,,
210,-477,52.625,-119.125,1,25,0.0,0,0,False,1.0,0.8275862068965517,0.9137931034482758,0.0,,,,
210,-472,52.625,-117.875,1,6,0.0,1,1,True,1.0,0.1724137931034483,0.5862068965517242,0.0,1.0,,,
210,-465,52.625,-116.125,1,2,0.0,0,0,False,1.0,0.034482758620689655,0.5172413793103449,0.0,,,,
210,-460,52.625,-114.875,1,12,0.0,0,0,False,1.0,0.3793103448275862,0.6896551724137931,0.0,,,,
210,-459,52.625,-114.625,6,22,0.0,0,0,False,0.16437728937728938,0.7241379310344828,0.44425761020588606,0.013736263736263736,,,,
210,-457,52.625,-114.125,1,23,0.0,1,1,True,1.0,0.7586206896551724,0.8793103448275862,0.0,1.0,,,
211,-490,52.875,-122.375,1,2,0.0,0,0,False,1.0,0.034482758620689655,0.5172413793103449,0.0,,,,
211,-478,52.875,-119.375,86,1,40.0,17,4,True,0.0089125990288781,0.0,0.00445629951443905,0.23351648351648352,0.23529411764705882,2.08,0.575426415610367,0.25728823909547416
211,-477,52.875,-119.125,9,2,1.0,1,1,True,0.10866910866910866,0.034482758620689655,0.07157593364489916,0.02197802197802198,1.0,,,
211,-473,52.875,-118.125,18,2,12.5,10,10,True,0.05296092796092795,0.034482758620689655,0.043721843290808804,0.046703296703296704,1.0,8.0,2.25462311423681,0.28182788927960123
211,-472,52.875,-117.875,4,5,2.0,0,0,False,0.24793956043956045,0.13793103448275862,0.19293529746115953,0.008241758241758242,,,,
211,-471,52.875,-117.625,1,5,0.0,0,0,False,1.0,0.13793103448275862,0.5689655172413793,0.0,,,,
211,-470,52.875,-117.375,1,2,0.0,0,0,False,1.0,0.034482758620689655,0.5172413793103449,0.0,,,,
211,-469,52.875,-117.125,1,3,0.0,0,0,False,1.0,0.06896551724137931,0.5344827586206896,0.0,,,,
211,-462,52.875,-115.375,20,1,42.25,0,0,False,0.04739010989010989,0.0,0.023695054945054944,0.0521978021978022,,,,
211,-459,52.875,-114.625,2,16,1.0,3,2,True,0.49862637362637363,0.5172413793103449,0.5079338764683592,0.0027472527472527475,0.6666666666666666,,,
211,-457,52.875,-114.125,1,7,0.0,0,0,False,1.0,0.20689655172413793,0.603448275862069,0.0,,,,
212,-529,53.125,-132.125,1,1,0.0,0,0,False,1.0,0.0,0.5,0.0,,,,
212,-491,53.125,-122.625,3,1,3.0,1,1,True,0.3315018315018315,0.0,0.16575091575091574,0.005494505494505495,1.0,,,
212,-490,53.125,-122.375,2,4,1.0,0,0,False,0.49862637362637363,0.10344827586206896,0.3010373247442213,0.0027472527472527475,,,,
212,-485,53.125,-121.125,2,1,1.0,8,5,True,0.49862637362637363,0.0,0.24931318681318682,0.0027472527472527475,0.625,5.0,0.7135240261743289,0.1427048052348666
212,-484,53.125,-120.875,2,6,1.0,5,2,True,0.49862637362637363,0.1724137931034483,0.33552008336491096,0.0027472527472527475,0.4,,,
212,-480,53.125,-119.875,1,2,0.0,0,0,False,1.0,0.034482758620689655,0.5172413793103449,0.0,,,,
212,-477,53.125,-119.125,5,1,4.5,26,18,True,0.19780219780219782,0.0,0.09890109890109891,0.01098901098901099,0.6923076923076923,6.99,2.1706493918502345,0.3074620074406182
212,-473,53.125,-118.125,5,4,10.0,1,1,True,0.19780219780219782,0.10344827586206896,0.15062523683213339,0.01098901098901099,1.0,,,
212,-472,53.125,-117.875,17,1,42.25,2,1,True,0.056237879767291526,0.0,0.028118939883645763,0.04395604395604396,0.5,,,
212,-470,53.125,-117.375,5,1,4.5,0,0,False,0.19780219780219782,0.0,0.09890109890109891,0.01098901098901099,,,,
212,-467,53.125,-116.625,1,22,0.0,0,0,False,1.0,0.7241379310344828,0.8620689655172413,0.0,,,,
212,-459,53.125,-114.625,1,2,0.0,0,0,False,1.0,0.034482758620689655,0.5172413793103449,0.0,,,,
212,-457,53.125,-114.125,2,10,1.0,1,1,True,0.49862637362637363,0.3103448275862069,0.40448560060629024,0.0027472527472527475,1.0,,,
213,-517,53.375,-129.125,1,27,0.0,0,0,False,1.0,0.896551724137931,0.9482758620689655,0.0,,,,
213,-510,53.375,-127.375,1,1,0.0,0,0,False,1.0,0.0,0.5,0.0,,,,
213,-489,53.375,-122.125,2,7,1.0,0,0,False,0.49862637362637363,0.20689655172413793,0.35276146267525577,0.0027472527472527475,,,,
213,-486,53.375,-121.375,3,1,3.0,3,3,True,0.3315018315018315,0.0,0.16575091575091574,0.005494505494505495,1.0,,,
213,-485,53.375,-121.125,2,7,0.0,4,3,True,0.49862637362637363,0.20689655172413793,0.35276146267525577,0.0027472527472527475,0.75,,,
213,-481,53.375,-120.125,1,2,0.0,0,0,False,1.0,0.034482758620689655,0.5172413793103449,0.0,,,,
213,-472,53.375,-117.875,1,3,0.0,1,1,True,1.0,0.06896551724137931,0.5344827586206896,0.0,1.0,,,
213,-471,53.375,-117.625,5,1,10.0,3,2,True,0.19780219780219782,0.0,0.09890109890109891,0.01098901098901099,0.6666666666666666,,,
213,-458,53.375,-114.375,5,1,10.0,0,0,False,0.19780219780219782,0.0,0.09890109890109891,0.01098901098901099,,,,
213,-457,53.375,-114.125,15,2,30.25,12,9,True,0.0641025641025641,0.034482758620689655,0.049292661361626876,0.038461538461538464,0.75,6.515,7.727314089707321,1.1883017022093127
214,-495,53.625,-123.625,12,3,4.5,0,0,False,0.0808150183150183,0.06896551724137931,0.07489026777819881,0.03021978021978022,,,,
214,-491,53.625,-122.625,1,2,0.0,0,0,False,1.0,0.034482758620689655,0.5172413793103449,0.0,,,,
214,-489,53.625,-122.125,2,1,1.0,0,0,False,0.49862637362637363,0.0,0.24931318681318682,0.0027472527472527475,,,,
214,-484,53.625,-120.875,2,16,1.0,0,0,False,0.49862637362637363,0.5172413793103449,0.5079338764683592,0.0027472527472527475,,,,
214,-466,53.625,-116.375,2,1,1.0,1,1,True,0.49862637362637363,0.0,0.24931318681318682,0.0027472527472527475,1.0,,,
214,-464,53.625,-115.875,2,2,1.0,0,0,False,0.49862637362637363,0.034482758620689655,0.2665545661235316,0.0027472527472527475,,,,
214,-461,53.625,-115.125,1,3,0.0,0,0,False,1.0,0.06896551724137931,0.5344827586206896,0.0,,,,
214,-460,53.625,-114.875,2,1,1.0,0,0,False,0.49862637362637363,0.0,0.24931318681318682,0.0027472527472527475,,,,
214,-459,53.625,-114.625,1,2,0.0,0,0,False,1.0,0.034482758620689655,0.5172413793103449,0.0,,,,
214,-457,53.625,-114.125,3,2,0.5,4,4,True,0.3315018315018315,0.034482758620689655,0.18299229506126058,0.005494505494505495,1.0,,,
215,-493,53.875,-123.125,1,11,0.0,0,0,False,1.0,0.3448275862068966,0.6724137931034483,0.0,,,,
215,-492,53.875,-122.875,13,1,36.0,10,10,True,0.07438715131022823,0.0,0.037193575655114115,0.03296703296703297,1.0,8.0,1.5494892477610198,0.19368615597012748
215,-491,53.875,-122.625,2,2,1.0,2,2,True,0.49862637362637363,0.034482758620689655,0.2665545661235316,0.0027472527472527475,1.0,,,
215,-489,53.875,-122.125,1,5,0.0,0,0,False,1.0,0.13793103448275862,0.5689655172413793,0.0,,,,
215,-477,53.875,-119.125,4,1,6.0,2,2,True,0.24793956043956045,0.0,0.12396978021978022,0.008241758241758242,1.0,,,
215,-457,53.875,-114.125,1,2,0.0,0,0,False,1.0,0.034482758620689655,0.5172413793103449,0.0,,,,
216,-528,54.125,-131.875,1,1,0.0,0,0,False,1.0,0.0,0.5,0.0,,,,
216,-507,54.125,-126.625,1,2,0.0,0,0,False,1.0,0.034482758620689655,0.5172413793103449,0.0,,,,
216,-501,54.125,-125.125,3,4,3.0,0,0,False,0.3315018315018315,0.10344827586206896,0.21747505368195022,0.005494505494505495,,,,
216,-497,54.125,-124.125,2,2,1.0,0,0,False,0.49862637362637363,0.034482758620689655,0.2665545661235316,0.0027472527472527475,,,,
216,-493,54.125,-123.125,3,1,3.0,1,0,True,0.3315018315018315,0.0,0.16575091575091574,0.005494505494505495,0.0,,,
216,-492,54.125,-122.875,15,1,13.5,3,2,True,0.0641025641025641,0.0,0.03205128205128205,0.038461538461538464,0.6666666666666666,,,
216,-491,54.125,-122.625,1,3,0.0,1,1,True,1.0,0.06896551724137931,0.5344827586206896,0.0,1.0,,,
216,-489,54.125,-122.125,1,12,0.0,0,0,False,1.0,0.3793103448275862,0.6896551724137931,0.0,,,,
217,-522,54.375,-130.375,1,20,0.0,1,1,True,1.0,0.6551724137931034,0.8275862068965517,0.0,1.0,,,
217,-507,54.375,-126.625,16,1,4.5,1,1,True,0.059924450549450545,0.0,0.029962225274725272,0.04120879120879121,1.0,,,
217,-498,54.375,-124.375,2,2,1.0,3,3,True,0.49862637362637363,0.034482758620689655,0.2665545661235316,0.0027472527472527475,1.0,,,
217,-493,54.375,-123.125,1,14,0.0,0,0,False,1.0,0.4482758620689655,0.7241379310344828,0.0,,,,
217,-476,54.375,-118.875,1,14,0.0,0,0,False,1.0,0.4482758620689655,0.7241379310344828,0.0,,,,
217,-463,54.375,-115.625,3,3,3.0,0,0,False,0.3315018315018315,0.06896551724137931,0.20023367437160539,0.005494505494505495,,,,
217,-460,54.375,-114.875,1,16,0.0,0,0,False,1.0,0.5172413793103449,0.7586206896551724,0.0,,,,
218,-515,54.625,-128.625,1,1,0.0,0,0,False,1.0,0.0,0.5,0.0,,,,
218,-509,54.625,-127.125,4,1,2.0,4,4,True,0.24793956043956045,0.0,0.12396978021978022,0.008241758241758242,1.0,,,
218,-508,54.625,-126.875,1,4,0.0,2,1,True,1.0,0.10344827586206896,0.5517241379310345,0.0,0.5,,,
218,-498,54.625,-124.375,2,1,1.0,2,2,True,0.49862637362637363,0.0,0.24931318681318682,0.0027472527472527475,1.0,,,
218,-478,54.625,-119.375,1,19,0.0,0,0,False,1.0,0.6206896551724138,0.8103448275862069,0.0,,,,
218,-474,54.625,-118.375,1,6,0.0,0,0,False,1.0,0.1724137931034483,0.5862068965517242,0.0,,,,
218,-471,54.625,-117.625,2,6,1.0,0,0,False,0.49862637362637363,0.1724137931034483,0.33552008336491096,0.0027472527472527475,,,,
219,-509,54.875,-127.125,2,1,1.0,1,1,True,0.49862637362637363,0.0,0.24931318681318682,0.0027472527472527475,1.0,,,
219,-508,54.875,-126.875,9,4,24.5,0,0,False,0.10866910866910866,0.10344827586206896,0.10605869226558881,0.02197802197802198,,,,
219,-507,54.875,-126.625,1,28,0.0,0,0,False,1.0,0.9310344827586207,0.9655172413793103,0.0,,,,
220,-518,55.125,-129.375,1,12,0.0,0,0,False,1.0,0.3793103448275862,0.6896551724137931,0.0,,,,
220,-486,55.125,-121.375,1,1,0.0,0,0,False,1.0,0.0,0.5,0.0,,,,
220,-478,55.125,-119.375,1,2,0.0,0,0,False,1.0,0.034482758620689655,0.5172413793103449,0.0,,,,
220,-477,55.125,-119.125,4,8,2.0,1,1,True,0.24793956043956045,0.2413793103448276,0.24465943539219404,0.008241758241758242,1.0,,,
220,-476,55.125,-118.875,3,11,3.0,2,2,True,0.3315018315018315,0.3448275862068966,0.338164708854364,0.005494505494505495,1.0,,,
220,-475,55.125,-118.625,1,4,0.0,1,1,True,1.0,0.10344827586206896,0.5517241379310345,0.0,1.0,,,
220,-473,55.125,-118.125,1,4,0.0,2,2,True,1.0,0.10344827586206896,0.5517241379310345,0.0,1.0,,,
220,-471,55.125,-117.625,1,2,0.0,0,0,False,1.0,0.034482758620689655,0.5172413793103449,0.0,,,,
221,-493,55.375,-123.125,2,3,1.0,3,3,True,0.49862637362637363,0.06896551724137931,0.2837959454338765,0.0027472527472527475,1.0,,,
221,-461,55.375,-115.125,1,24,0.0,0,0,False,1.0,0.7931034482758621,0.896551724137931,0.0,,,,
221,-460,55.375,-114.875,3,1,0.5,4,3,True,0.3315018315018315,0.0,0.16575091575091574,0.005494505494505495,0.75,,,
221,-457,55.375,-114.125,3,15,3.0,0,0,False,0.3315018315018315,0.4827586206896552,0.40713022609574334,0.005494505494505495,,,,
222,-490,55.625,-122.375,2,1,1.0,2,2,True,0.49862637362637363,0.0,0.24931318681318682,0.0027472527472527475,1.0,,,
222,-481,55.625,-120.125,1,1,0.0,0,0,False,1.0,0.0,0.5,0.0,,,,
223,-516,55.875,-128.875,3,24,3.0,0,0,False,0.3315018315018315,0.7931034482758621,0.5623026398888468,0.005494505494505495,,,,
223,-482,55.875,-120.375,1,10,0.0,0,0,False,1.0,0.3103448275862069,0.6551724137931034,0.0,,,,
223,-461,55.875,-115.125,2,22,1.0,0,0,False,0.49862637362637363,0.7241379310344828,0.6113821523304281,0.0027472527472527475,,,,
224,-486,56.125,-121.375,2,1,1.0,0,0,False,0.49862637362637363,0.0,0.24931318681318682,0.0027472527472527475,,,,
224,-475,56.125,-118.625,1,2,0.0,0,0,False,1.0,0.034482758620689655,0.5172413793103449,0.0,,,,
224,-474,56.125,-118.375,1,3,0.0,0,0,False,1.0,0.06896551724137931,0.5344827586206896,0.0,,,,
224,-470,56.125,-117.375,1,27,0.0,0,0,False,1.0,0.896551724137931,0.9482758620689655,0.0,,,,
224,-469,56.125,-117.125,1,2,0.0,0,0,False,1.0,0.034482758620689655,0.5172413793103449,0.0,,,,
225,-485,56.375,-121.125,2,16,1.0,0,0,False,0.49862637362637363,0.5172413793103449,0.5079338764683592,0.0027472527472527475,,,,
225,-484,56.375,-120.875,2,2,1.0,1,1,True,0.49862637362637363,0.034482758620689655,0.2665545661235316,0.0027472527472527475,1.0,,,
226,-519,56.625,-129.625,1,18,0.0,0,0,False,1.0,0.5862068965517241,0.7931034482758621,0.0,,,,
227,-478,56.875,-119.375,1,12,0.0,0,0,False,1.0,0.3793103448275862,0.6896551724137931,0.0,,,,
227,-471,56.875,-117.625,1,2,0.0,0,0,False,1.0,0.034482758620689655,0.5172413793103449,0.0,,,,
229,-510,57.375,-127.375,1,2,0.0,0,0,False,1.0,0.034482758620689655,0.5172413793103449,0.0,,,,
229,-491,57.375,-122.625,1,2,0.0,0,0,False,1.0,0.034482758620689655,0.5172413793103449,0.0,,,,
232,-521,58.125,-130.125,1,3,0.0,0,0,False,1.0,0.06896551724137931,0.5344827586206896,0.0,,,,
233,-520,58.375,-129.875,2,3,1.0,0,0,False,0.49862637362637363,0.06896551724137931,0.2837959454338765,0.0027472527472527475,,,,
234,-500,58.625,-124.875,1,2,0.0,1,1,True,1.0,0.034482758620689655,0.5172413793103449,0.0,1.0,,,
234,-499,58.625,-124.625,33,1,13.5,9,3,True,0.02763902763902764,0.0,0.01381951381951382,0.08791208791208792,0.3333333333333333,2.705,0.4830803664174618,0.17875235251443503
234,-497,58.625,-124.125,2,13,1.0,0,0,False,0.49862637362637363,0.41379310344827586,0.4562097385373247,0.0027472527472527475,,,,
235,-503,58.875,-125.625,1,2,0.0,0,0,False,1.0,0.034482758620689655,0.5172413793103449,0.0,,,,
235,-502,58.875,-125.375,3,1,0.5,0,0,False,0.3315018315018315,0.0,0.16575091575091574,0.005494505494505495,,,,
236,-520,59.125,-129.875,1,5,0.0,0,0,False,1.0,0.13793103448275862,0.5689655172413793,0.0,,,,
237,-535,59.375,-133.625,1,1,0.0,0,0,False,1.0,0.0,0.5,0.0,,,,
237,-520,59.375,-129.875,1,2,0.0,0,0,False,1.0,0.034482758620689655,0.5172413793103449,0.0,,,,
237,-518,59.375,-129.375,1,2,0.0,0,0,False,1.0,0.034482758620689655,0.5172413793103449,0.0,,,,
237,-517,59.375,-129.125,16,1,16.666666666666668,3,0,True,0.059924450549450545,0.0,0.029962225274725272,0.04120879120879121,0.0,,,
238,-547,59.625,-136.625,1,8,0.0,0,0,False,1.0,0.2413793103448276,0.6206896551724138,0.0,,,,
238,-535,59.625,-133.625,1,2,0.0,0,0,False,1.0,0.034482758620689655,0.5172413793103449,0.0,,,,
238,-509,59.625,-127.125,1,3,0.0,0,0,False,1.0,0.06896551724137931,0.5344827586206896,0.0,,,,
239,-517,59.875,-129.125,3,2,3.0,0,0,False,0.3315018315018315,0.034482758620689655,0.18299229506126058,0.005494505494505495,,,,
