gi,gj,clat,clon,n_train,days_since,chao_unseen,n_test,new_species,revisited,scarcity,staleness,priority,density,new_rate,o_discover,o_staleness,o_conservation,travel_min,o_env_coverage,o_urgency,rare_newK,w_newK,meanrarity_newK
193,-497,48.375,-124.125,1,2,0.0,1,1,True,1.0,0.034482758620689655,0.5172413793103449,0.0,1.0,1.0,0.034482758620689655,0.0,,0.016960867164990713,0.0650679021331984,,,
193,-496,48.375,-123.875,6,1,1.0,6,6,True,0.16437728937728938,0.0,0.08218864468864469,0.013736263736263736,1.0,0.16437728937728938,0.0,0.1272028459454483,,0.011349455482511943,0.16097208899029328,5.0,1.6054031025213178,0.32108062050426356
193,-495,48.375,-123.625,291,1,80.08333333333331,116,28,True,0.0006986141006759562,0.0,0.0003493070503379781,0.7967032967032966,0.2413793103448276,0.0006986141006759562,0.0,0.14190176935384044,16.0,0.01000163642486894,0.053785055577805524,1.275,0.5406412192833898,0.42403232884971753
193,-494,48.375,-123.375,191,1,42.25,198,66,True,0.002502732869225016,0.0,0.001251366434612508,0.521978021978022,0.3333333333333333,0.002502732869225016,0.0,0.21645508494190838,,0.02104592199513988,0.005094174028242868,2.39,1.1547249640731156,0.48314852053268437
194,-498,48.625,-124.375,8,1,2.0,4,4,True,0.12259615384615384,0.0,0.06129807692307692,0.019230769230769232,1.0,0.12259615384615384,0.0,0.5028021442495126,88.0,0.07891131195474803,0.15452885581396406,,,
194,-496,48.625,-123.875,5,1,10.0,0,0,False,0.19780219780219782,0.0,0.09890109890109891,0.01098901098901099,,0.19780219780219782,0.0,0.07469928412986489,64.0,0.007315533640114737,0.31164638594644084,,,
194,-495,48.625,-123.625,44,1,182.25,938,139,True,0.020042457542457544,0.0,0.010021228771228772,0.11813186813186813,0.14818763326226012,0.020042457542457544,0.0,0.2581889186377054,17.0,0.003061037138931841,0.09781955784522228,4.28,3.4437644572609423,0.8046178638460145
194,-494,48.625,-123.375,41,1,30.25,64,33,True,0.02170999731975342,0.0,0.01085499865987671,0.10989010989010989,0.515625,0.02170999731975342,0.0,0.08462764896265847,,0.009513029686014135,0.01382874333481866,3.055,1.176193961623202,0.38500620675063896
194,-493,48.625,-123.125,2,2,1.0,1,1,True,0.49862637362637363,0.034482758620689655,0.2665545661235316,0.0027472527472527475,1.0,0.49862637362637363,0.034482758620689655,0.029639292196007264,,0.023936502584854042,0.006507503633957984,,,
195,-503,48.875,-125.625,14,1,25.0,9,7,True,0.06887755102040816,0.0,0.03443877551020408,0.03571428571428571,0.7777777777777778,0.06887755102040816,0.0,0.12985738109868067,,0.046092381901225,0.008380046670451367,3.855,0.8328203488033611,0.21603640695288226
195,-501,48.875,-125.125,4,1,2.0,2,2,True,0.24793956043956045,0.0,0.12396978021978022,0.008241758241758242,1.0,0.24793956043956045,0.0,0.16695906432748536,,0.06029787971579997,0.0643445806924102,,,
195,-498,48.875,-124.375,3,1,3.0,0,0,False,0.3315018315018315,0.0,0.16575091575091574,0.005494505494505495,,0.3315018315018315,0.0,0.03653955490578298,94.0,0.021892480696639252,0.24802749774648158,,,
195,-497,48.875,-124.125,1,3,0.0,4,3,True,1.0,0.06896551724137931,0.5344827586206896,0.0,0.75,1.0,0.06896551724137931,0.012171052631578947,76.0,0.01678827565097496,0.28140731373798145,,,
195,-496,48.875,-123.875,11,1,12.25,9,6,True,0.08841158841158842,0.0,0.04420579420579421,0.027472527472527472,0.6666666666666666,0.08841158841158842,0.0,0.34580287524366465,49.0,0.007386987841771566,0.2659677166823898,3.27,1.3031065203852266,0.3985035230535861
195,-495,48.875,-123.625,43,1,21.125,25,10,True,0.020572450805008944,0.0,0.010286225402504472,0.11538461538461539,0.4,0.020572450805008944,0.0,0.15907347277236744,,0.005886750746561212,0.03682985349223025,2.1,0.6562756990462764,0.312512237641084
195,-494,48.875,-123.375,37,1,42.25,24,9,True,0.024354024354024357,0.0,0.012177012177012178,0.0989010989010989,0.375,0.024354024354024357,0.0,0.109032327830441,67.0,0.006755411050307335,0.01143274466310396,1.995,0.4313003464921276,0.21619064987074066
195,-493,48.875,-123.125,1,30,0.0,3,3,True,1.0,1.0,1.0,0.0,1.0,1.0,1.0,0.012171052631578947,,0.01220413721786418,0.005217899714282513,,,
196,-505,49.125,-126.125,3,1,3.0,0,0,False,0.3315018315018315,0.0,0.16575091575091574,0.005494505494505495,,0.3315018315018315,0.0,0.07987938596491229,,0.05113212184961766,1.4276060339344825e-05,,,
196,-504,49.125,-125.875,6,2,3.0,2,2,True,0.16437728937728938,0.034482758620689655,0.09943002399898951,0.013736263736263736,1.0,0.16437728937728938,0.034482758620689655,0.1466178917120387,,0.05591338611251075,0.005236934605668315,,,
196,-503,49.125,-125.625,2,1,1.0,5,5,True,0.49862637362637363,0.0,0.24931318681318682,0.0027472527472527475,1.0,0.49862637362637363,0.0,0.20175438596491224,124.0,0.07656131213190462,0.014154711971912282,5.0,0.5565986329030711,0.11131972658061422
196,-501,49.125,-125.125,2,2,1.0,0,0,False,0.49862637362637363,0.034482758620689655,0.2665545661235316,0.0027472527472527475,,0.49862637362637363,0.034482758620689655,0.24671052631578946,196.0,0.07793529429900382,0.08422875176069422,,,
196,-500,49.125,-124.875,7,1,12.5,0,0,False,0.14050235478806908,0.0,0.07025117739403454,0.016483516483516484,,0.14050235478806908,0.0,0.03424414759854335,88.0,0.038945629645569614,0.16245442617110628,,,
196,-499,49.125,-124.625,28,2,24.5,0,0,False,0.0330651491365777,0.034482758620689655,0.033773953878633675,0.07417582417582418,,0.0330651491365777,0.034482758620689655,0.10207051316364214,125.0,0.03223937556076785,0.2878577088198938,,,
196,-498,49.125,-124.375,15,1,6.0,23,11,True,0.0641025641025641,0.0,0.03205128205128205,0.038461538461538464,0.4782608695652174,0.0641025641025641,0.0,0.07388604799247037,67.0,0.012395153506002426,0.39529932227100195,3.11,0.8368113023566903,0.2690711583140483
196,-497,49.125,-124.125,25,1,14.083333333333336,8,7,True,0.03736263736263736,0.0,0.01868131868131868,0.06593406593406594,0.875,0.03736263736263736,0.0,0.17248951094263817,34.0,0.004253606426051738,0.4410375204433404,4.68,0.6623538618190504,0.14152860295278857
196,-496,49.125,-123.875,146,1,37.5,39,13,True,0.00412087912087912,0.0,0.00206043956043956,0.3983516483516483,0.3333333333333333,0.00412087912087912,0.0,0.18045991330565608,3.0,0.005322541582131657,0.06713317233700496,1.845,0.7540584111006702,0.4087037458540218
196,-495,49.125,-123.625,51,1,40.0,4,4,True,0.016914458090928678,0.0,0.008457229045464339,0.13736263736263737,1.0,0.016914458090928678,0.0,0.11078773510821618,,0.006327775142168043,0.001834473669209805,,,
196,-494,49.125,-123.375,39,3,12.5,4,2,True,0.02296421527190758,0.06896551724137931,0.04596486625664344,0.1043956043956044,0.5,0.02296421527190758,0.06896551724137931,0.15854172556380666,,0.006115344315251752,0.0,,,
196,-493,49.125,-123.125,147,1,81.38461538461539,167,32,True,0.0040741571353816244,0.0,0.0020370785676908122,0.4010989010989011,0.19161676646706588,0.0040741571353816244,0.0,0.15942010519500446,4.0,0.00412833171479541,0.017419173685215956,1.455,0.37788879777035556,0.2597173867837495
196,-492,49.125,-122.875,77,1,272.25,63,30,True,0.01027543884686742,0.0,0.00513771942343371,0.2087912087912088,0.47619047619047616,0.01027543884686742,0.0,0.16131191561927943,0.0,0.0031495918033089525,0.02560411382693092,2.825,0.9190864540373442,0.3253403377123342
196,-491,49.125,-122.625,75,1,55.125,42,31,True,0.010622710622710623,0.0,0.005311355311355312,0.2032967032967033,0.7380952380952381,0.010622710622710623,0.0,0.16291315114185825,1.0,0.004596569281093926,0.06860598985618893,4.07,2.4949787214255856,0.6130168848711512
196,-490,49.125,-122.375,38,1,66.125,21,18,True,0.023640832851359168,0.0,0.011820416425679584,0.10164835164835165,0.8571428571428571,0.023640832851359168,0.0,0.18392568169945264,11.0,0.0056441704026141265,0.07720969428448735,4.52,1.4040680014264029,0.3106345135899122
196,-489,49.125,-122.125,17,1,25.0,58,29,True,0.056237879767291526,0.0,0.028118939883645763,0.04395604395604396,0.5,0.056237879767291526,0.0,0.08260981221034948,11.0,0.011100090927972643,0.07384767598291127,4.095,1.6489136231440693,0.4026651094368912
196,-488,49.125,-121.875,57,1,52.08333333333334,64,35,True,0.014844804318488529,0.0,0.007422402159244264,0.15384615384615385,0.546875,0.014844804318488529,0.0,0.1770272204300442,29.0,0.007296612975539684,0.04899782249706291,3.765,0.795041220362152,0.2111663267894162
196,-487,49.125,-121.625,3,2,3.0,101,22,True,0.3315018315018315,0.034482758620689655,0.18299229506126058,0.005494505494505495,0.21782178217821782,0.3315018315018315,0.034482758620689655,0.09298245614035087,62.0,0.01633212951533389,0.05747542243188248,3.99,0.28160412134970036,0.0705774740224813
196,-486,49.125,-121.375,1,2,0.0,12,11,True,1.0,0.034482758620689655,0.5172413793103449,0.0,0.9166666666666666,1.0,0.034482758620689655,0.04016620498614958,135.0,0.040854075566984595,0.0443557199374404,4.85,0.5310349809769973,0.109491748655051
196,-485,49.125,-121.125,6,2,15.0,2,2,True,0.16437728937728938,0.034482758620689655,0.09943002399898951,0.013736263736263736,1.0,0.16437728937728938,0.034482758620689655,0.044082593391884445,115.0,0.008194781604556476,0.17279029685176814,,,
196,-484,49.125,-120.875,58,1,33.33333333333334,102,19,True,0.014541492989768852,0.0,0.007270746494884426,0.1565934065934066,0.18627450980392157,0.014541492989768852,0.0,0.22534215952885717,81.0,0.016842407501184153,0.0400824200603699,1.39,0.5558551522148192,0.3998957929603016
196,-483,49.125,-120.625,4,3,6.0,0,0,False,0.24793956043956045,0.06896551724137931,0.1584525388404699,0.008241758241758242,,0.24793956043956045,0.06896551724137931,0.07497024478932372,98.0,0.006238365030176207,0.660524753531174,,,
196,-481,49.125,-120.125,3,9,3.0,0,0,False,0.3315018315018315,0.27586206896551724,0.3036819502336744,0.005494505494505495,,0.3315018315018315,0.27586206896551724,0.032152031271813486,211.0,0.003962184031577381,0.6742250534519251,,,
196,-480,49.125,-119.875,13,9,20.25,17,6,True,0.07438715131022823,0.27586206896551724,0.17512461013787273,0.03296703296703297,0.35294117647058826,0.07438715131022823,0.27586206896551724,0.22084582288376656,212.0,0.012045179342470635,0.9653638191308255,2.98,1.6573203326041357,0.5561477626188375
196,-479,49.125,-119.625,119,2,133.38888888888889,902,184,True,0.005679194754825007,0.034482758620689655,0.02008097668775733,0.3241758241758242,0.2039911308203991,0.005679194754825007,0.034482758620689655,0.28345528935895076,255.0,0.0021935528262786424,0.1317656607474817,3.13,1.2771579133163302,0.408037671986048
196,-478,49.125,-119.375,56,1,81.0,29,16,True,0.01515894819466248,0.0,0.00757947409733124,0.1510989010989011,0.5517241379310345,0.01515894819466248,0.0,0.36664755502096696,238.0,0.0019426568920179208,0.47673713792667227,3.85,1.7342883597868985,0.45046450903555807
196,-477,49.125,-119.125,3,3,3.0,6,5,True,0.3315018315018315,0.06896551724137931,0.20023367437160539,0.005494505494505495,0.8333333333333334,0.3315018315018315,0.06896551724137931,0.1259949642625081,251.0,0.0010390354554822238,0.26090926631453726,4.32,0.457899379472233,0.10599522672968356
196,-476,49.125,-118.875,10,1,32.0,7,6,True,0.09752747252747253,0.0,0.048763736263736264,0.024725274725274724,0.8571428571428571,0.09752747252747253,0.0,0.16032820578015086,246.0,0.00023103813014399522,0.22343700628942947,4.53,0.5751573212471056,0.12696629608103877
196,-474,49.125,-118.375,3,3,3.0,72,41,True,0.3315018315018315,0.06896551724137931,0.20023367437160539,0.005494505494505495,0.5694444444444444,0.3315018315018315,0.06896551724137931,0.027225282197742413,219.0,0.00048384084100989386,0.12565074953241975,4.725,2.4900899422440568,0.5270031623796946
196,-473,49.125,-118.125,1,3,0.0,2,2,True,1.0,0.06896551724137931,0.5344827586206896,0.0,1.0,1.0,0.06896551724137931,0.07894736842105263,183.0,0.0010921901785799495,0.16467436871702332,,,
196,-472,49.125,-117.875,1,1,0.0,24,15,True,1.0,0.0,0.5,0.0,0.625,1.0,0.0,0.07127192982456139,187.0,0.01243526091562285,0.13631495990183792,4.445,0.5265864346325665,0.11846713939990247
196,-471,49.125,-117.625,12,3,24.5,102,47,True,0.0808150183150183,0.06896551724137931,0.07489026777819881,0.03021978021978022,0.46078431372549017,0.0808150183150183,0.06896551724137931,0.22589503156653787,189.0,0.009018046554441782,0.1574078354934397,4.705,1.5988505820308683,0.33981946483121533
196,-470,49.125,-117.375,26,1,48.16666666666666,4,3,True,0.03581994928148774,0.0,0.01790997464074387,0.06868131868131869,0.75,0.03581994928148774,0.0,0.29884034944521787,217.0,0.009478217949290076,0.17443680830883157,,,
196,-469,49.125,-117.125,8,2,18.0,0,0,False,0.12259615384615384,0.034482758620689655,0.07853945623342175,0.019230769230769232,,0.12259615384615384,0.034482758620689655,0.07880926155887456,312.0,0.0059306147192719014,0.0870102036590672,,,
196,-467,49.125,-116.625,6,1,3.0,20,13,True,0.16437728937728938,0.0,0.08218864468864469,0.013736263736263736,0.65,0.16437728937728938,0.0,0.2976973684210526,184.0,0.015329490396519851,0.10372747403419222,4.26,0.42201731736473413,0.09906509797294229
196,-466,49.125,-116.375,1,2,0.0,0,0,False,1.0,0.034482758620689655,0.5172413793103449,0.0,,1.0,0.034482758620689655,0.05016447368421052,293.0,0.00225347032719377,0.17023011060818619,,,
196,-461,49.125,-115.125,1,30,0.0,1,1,True,1.0,1.0,1.0,0.0,1.0,1.0,1.0,0.07127192982456139,168.0,0.006513927982212694,0.06091833126607174,,,
196,-458,49.125,-114.375,1,13,0.0,0,0,False,1.0,0.41379310344827586,0.7068965517241379,0.0,,1.0,0.41379310344827586,0.2401315789473684,226.0,0.017165168494194583,0.22675140855537132,,,
196,-457,49.125,-114.125,40,1,23.14285714285714,73,32,True,0.022321428571428572,0.0,0.011160714285714286,0.10714285714285714,0.4383561643835616,0.022321428571428572,0.0,0.19801048014192305,133.0,0.014932412352394108,0.7769125975224629,4.115,1.439094707224408,0.3497192484141939
197,-501,49.375,-125.125,1,4,0.0,0,0,False,1.0,0.10344827586206896,0.5517241379310345,0.0,,1.0,0.10344827586206896,0.03089244851258581,96.0,0.00564957012021639,0.36611430883498347,,,
197,-500,49.375,-124.875,3,3,3.0,14,14,True,0.3315018315018315,0.06896551724137931,0.20023367437160539,0.005494505494505495,1.0,0.3315018315018315,0.06896551724137931,0.5018640350877193,113.0,0.0352883706602453,0.21090735883671366,5.0,3.398970765033859,0.6797941530067718
197,-499,49.375,-124.625,28,1,56.25,26,16,True,0.0330651491365777,0.0,0.01653257456828885,0.07417582417582418,0.6153846153846154,0.0330651491365777,0.0,0.1872776587662333,30.0,0.003288538051516855,0.14746218230212293,4.225,1.1341510846658023,0.2684381265481189
197,-498,49.375,-124.375,23,1,10.083333333333336,10,8,True,0.04085045389393215,0.0,0.020425226946966076,0.06043956043956044,0.8,0.04085045389393215,0.0,0.06505817601519771,,0.0059611430447534305,0.05781566612954738,3.935,1.4007910202488931,0.35598247020302237
197,-497,49.375,-124.125,9,1,1.5,9,8,True,0.10866910866910866,0.0,0.05433455433455433,0.02197802197802198,0.8888888888888888,0.10866910866910866,0.0,0.05690927037857234,,0.00834978287394661,0.009717237818591342,4.39,1.1593270366269253,0.26408360743210146
197,-496,49.375,-123.875,3,1,3.0,1,1,True,0.3315018315018315,0.0,0.16575091575091574,0.005494505494505495,1.0,0.3315018315018315,0.0,0.16508284600389858,,0.007698291335645471,0.006983372594698828,,,
197,-495,49.375,-123.625,10,1,45.0,3,2,True,0.09752747252747253,0.0,0.048763736263736264,0.024725274725274724,0.6666666666666666,0.09752747252747253,0.0,0.3315570175438596,,0.004413259356361734,0.041234015477657975,,,
197,-494,49.375,-123.375,178,1,162.0,27,14,True,0.0028861587850351894,0.0,0.0014430793925175947,0.48626373626373626,0.5185185185185185,0.0028861587850351894,0.0,0.2904276893925953,22.0,0.008659187938303128,0.012308341911074376,2.655,1.3936956827443356,0.5249324605440059
197,-493,49.375,-123.125,365,1,155.57142857142856,169,52,True,0.0,0.0,0.0,1.0,0.3076923076923077,0.0,0.0,0.28995782333034426,20.0,0.013690352751891677,0.019032367434545856,2.385,0.9851700964667351,0.41306922283720554
197,-492,49.375,-122.875,60,1,65.33333333333333,63,30,True,0.013965201465201466,0.0,0.006982600732600733,0.1620879120879121,0.47619047619047616,0.013965201465201466,0.0,0.19750418547470866,,0.01918286911541218,0.007199892822260224,3.615,1.2227265276537012,0.33823693711029074
197,-491,49.375,-122.625,10,1,32.0,14,12,True,0.09752747252747253,0.0,0.048763736263736264,0.024725274725274724,0.8571428571428571,0.09752747252747253,0.0,0.061047683458807615,74.0,0.02315643687904853,0.04526700594480709,4.835,2.20826008502279,0.4567239058992326
197,-490,49.375,-122.375,6,1,8.0,1,1,True,0.16437728937728938,0.0,0.08218864468864469,0.013736263736263736,1.0,0.16437728937728938,0.0,0.0725732280887044,225.0,0.0328652769805206,0.03444337448214459,,,
197,-487,49.375,-121.625,19,7,1.0,13,8,True,0.05002891844997107,0.20689655172413793,0.1284627350870545,0.04945054945054945,0.6153846153846154,0.05002891844997107,0.20689655172413793,0.03793693660308137,44.0,0.014444687520102202,0.13769972498282562,3.545,0.6438911078969598,0.18163359884258387
197,-486,49.375,-121.375,2,1,1.0,7,7,True,0.49862637362637363,0.0,0.24931318681318682,0.0027472527472527475,1.0,0.49862637362637363,0.0,0.023794150495602403,51.0,0.00706591708274535,0.07051898092890908,5.0,5.543746022301806,1.1087492044603613
197,-483,49.375,-120.625,44,1,28.16666666666667,53,20,True,0.020042457542457544,0.0,0.010021228771228772,0.11813186813186813,0.37735849056603776,0.020042457542457544,0.0,0.13437691521456335,127.0,0.004991304877308274,0.22889996250281514,2.8,0.35016384605700734,0.1250585164489312
197,-482,49.375,-120.375,103,1,40.5,1,1,True,0.006988157473594366,0.0,0.003494078736797183,0.2802197802197802,1.0,0.006988157473594366,0.0,0.1289906089771283,217.0,0.007895693045541925,0.19034270923684435,,,
197,-481,49.375,-120.125,15,3,6.0,1,1,True,0.0641025641025641,0.06896551724137931,0.0665340406719717,0.038461538461538464,1.0,0.0641025641025641,0.06896551724137931,0.28686859964890393,157.0,0.007882585123489362,0.2690799192080322,,,
197,-479,49.375,-119.625,80,1,272.25,471,181,True,0.009787087912087914,0.0,0.004893543956043957,0.21703296703296704,0.3842887473460722,0.009787087912087914,0.0,0.2534401113579481,184.0,0.017724351843894738,0.10266627994740184,4.15,1.9214354698211573,0.46299649875208604
197,-477,49.375,-119.125,1,8,0.0,0,0,False,1.0,0.2413793103448276,0.6206896551724138,0.0,,1.0,0.2413793103448276,0.03508771929824561,285.0,0.00027482377286227623,0.2829919385307117,,,
197,-474,49.375,-118.375,1,19,0.0,1,1,True,1.0,0.6206896551724138,0.8103448275862069,0.0,1.0,1.0,0.6206896551724138,0.0,416.0,0.0007730048969496902,0.37032575750269886,,,
197,-472,49.375,-117.875,3,14,3.0,5,4,True,0.3315018315018315,0.4482758620689655,0.3898888467853985,0.005494505494505495,0.8,0.3315018315018315,0.4482758620689655,0.02726183190534475,342.0,0.0010827882773632043,0.17429165562835014,4.0,0.19960654528699265,0.04990163632174816
197,-471,49.375,-117.625,9,2,36.0,21,14,True,0.10866910866910866,0.034482758620689655,0.07157593364489916,0.02197802197802198,0.6666666666666666,0.10866910866910866,0.034482758620689655,0.1524228623562316,311.0,0.0028395158684515567,0.11064423503473737,4.385,0.8446169713536545,0.1926150447784845
197,-470,49.375,-117.375,21,3,180.5,8,7,True,0.04500261643118785,0.06896551724137931,0.056984066836283584,0.054945054945054944,0.875,0.04500261643118785,0.06896551724137931,0.14078025580760412,409.0,0.01529673777477565,0.1561539170092563,4.45,0.6496914521805777,0.14599807914170285
197,-469,49.375,-117.125,3,3,0.5,1,1,True,0.3315018315018315,0.06896551724137931,0.20023367437160539,0.005494505494505495,1.0,0.3315018315018315,0.06896551724137931,0.04390732265446223,315.0,0.009807306187283447,0.06218175611626737,,,
197,-467,49.375,-116.625,1,5,0.0,50,29,True,1.0,0.13793103448275862,0.5689655172413793,0.0,0.58,1.0,0.13793103448275862,0.08815789473684212,227.0,0.006004802544029606,0.17097486015138424,4.61,1.2186128028332293,0.2643411719811777
197,-463,49.375,-115.625,1,14,0.0,0,0,False,1.0,0.4482758620689655,0.7241379310344828,0.0,,1.0,0.4482758620689655,0.07894736842105263,221.0,0.0010042081256893334,0.2290546348449256,,,
197,-460,49.375,-114.875,1,15,0.0,0,0,False,1.0,0.4827586206896552,0.7413793103448276,0.0,,1.0,0.4827586206896552,0.04016620498614958,194.0,0.021917007507070086,0.21853555056475527,,,
197,-458,49.375,-114.375,11,5,28.0,74,37,True,0.08841158841158842,0.13793103448275862,0.11317131144717352,0.027472527472527472,0.5,0.08841158841158842,0.13793103448275862,0.04211203162226554,86.0,0.0011347866673269294,0.00789704017942488,4.41,2.8729100526886593,0.6514535266867708
197,-457,49.375,-114.125,7,3,21.0,0,0,False,0.14050235478806908,0.06896551724137931,0.1047339360147242,0.016483516483516484,,0.14050235478806908,0.06896551724137931,0.2159802078726227,100.0,0.0003901879224014311,0.008641775319038075,,,
198,-503,49.625,-125.625,1,20,0.0,1,1,True,1.0,0.6551724137931034,0.8275862068965517,0.0,1.0,1.0,0.6551724137931034,0.0,374.0,0.040952303993681355,0.02010069240381348,,,
198,-502,49.625,-125.375,22,1,13.5,20,7,True,0.04283216783216783,0.0,0.021416083916083916,0.057692307692307696,0.35,0.04283216783216783,0.0,0.22088743293630156,299.0,0.07506406624543845,0.05203623878133582,2.575,0.6356125302087746,0.24683981755680565
198,-501,49.625,-125.125,19,2,144.5,2,2,True,0.05002891844997107,0.034482758620689655,0.04225583853533037,0.04945054945054945,1.0,0.05002891844997107,0.034482758620689655,0.3277909526623466,78.0,0.0062627986719005135,0.20423331375273074,,,
198,-500,49.625,-124.875,38,1,231.0,154,37,True,0.023640832851359168,0.0,0.011820416425679584,0.10164835164835165,0.24025974025974026,0.023640832851359168,0.0,0.10032507050966136,,0.004128503889930085,0.07808766590802468,2.265,0.5758445632024602,0.2542360102439118
198,-499,49.625,-124.625,6,1,1.0,4,4,True,0.16437728937728938,0.0,0.08218864468864469,0.013736263736263736,1.0,0.16437728937728938,0.0,0.4119711042311662,,0.006054946438527563,0.012750900919858135,,,
198,-498,49.625,-124.375,1,2,0.0,2,2,True,1.0,0.034482758620689655,0.5172413793103449,0.0,1.0,1.0,0.034482758620689655,0.06477732793522267,113.0,0.004217884153487546,0.03152630064459987,,,
198,-496,49.625,-123.875,11,1,12.25,3,3,True,0.08841158841158842,0.0,0.04420579420579421,0.027472527472527472,1.0,0.08841158841158842,0.0,0.08828458792619515,134.0,0.01283579582528838,0.09634437370624785,,,
198,-495,49.625,-123.625,26,2,6.25,1,0,True,0.03581994928148774,0.034482758620689655,0.0351513539510887,0.06868131868131869,0.0,0.03581994928148774,0.034482758620689655,0.20789452310112508,119.0,0.041767750303440515,0.04856715530953898,,,
198,-493,49.625,-123.125,14,2,40.5,41,15,True,0.06887755102040816,0.034482758620689655,0.051680154820548906,0.03571428571428571,0.36585365853658536,0.06887755102040816,0.034482758620689655,0.08197812145132952,41.0,0.043995603912346325,0.04583329285556663,3.4,1.251172472828389,0.36799190377305563
198,-487,49.625,-121.625,1,1,0.0,2,2,True,1.0,0.0,0.5,0.0,1.0,1.0,0.0,0.02302631578947368,231.0,0.09399036458290208,0.06822291211306564,,,
198,-486,49.625,-121.375,3,5,0.5,0,0,False,0.3315018315018315,0.13793103448275862,0.23471643299229505,0.005494505494505495,,0.3315018315018315,0.13793103448275862,0.11481994459833796,118.0,0.00831293193452731,0.028285633653496515,,,
198,-485,49.625,-121.125,17,1,136.0,5,3,True,0.056237879767291526,0.0,0.028118939883645763,0.04395604395604396,0.6,0.056237879767291526,0.0,0.7811725454914309,124.0,0.03157851878857388,0.12305963768416024,3.0,3.1629664398565946,1.0543221466188648
198,-484,49.625,-120.875,29,1,21.125,8,4,True,0.031830238726790444,0.0,0.015915119363395222,0.07692307692307693,0.5,0.031830238726790444,0.0,0.0735639391078348,123.0,0.011032792924185615,0.11121764839610188,3.125,0.9482558106658974,0.30344185941308716
198,-483,49.625,-120.625,3,1,3.0,46,22,True,0.3315018315018315,0.0,0.16575091575091574,0.005494505494505495,0.4782608695652174,0.3315018315018315,0.0,0.029783761729906155,190.0,0.004433057890170586,0.19726898103527402,4.12,0.7600807066891815,0.18448560841970424
198,-482,49.625,-120.375,1,15,0.0,0,0,False,1.0,0.4827586206896552,0.7413793103448276,0.0,,1.0,0.4827586206896552,0.2401315789473684,137.0,0.005016667712113991,0.16255673151051253,,,
198,-481,49.625,-120.125,3,8,3.0,0,0,False,0.3315018315018315,0.2413793103448276,0.28644057092332953,0.005494505494505495,,0.3315018315018315,0.2413793103448276,0.06993177387914229,204.0,0.006809240683392315,0.36947398710800267,,,
198,-480,49.625,-119.875,7,2,6.0,77,27,True,0.14050235478806908,0.034482758620689655,0.08749255670437936,0.016483516483516484,0.35064935064935066,0.14050235478806908,0.034482758620689655,0.014124306492727544,168.0,0.004333576745666682,0.16542622698333728,3.795,1.1444770587473159,0.30157498254211224
198,-479,49.625,-119.625,28,1,54.0,74,40,True,0.0330651491365777,0.0,0.01653257456828885,0.07417582417582418,0.5405405405405406,0.0330651491365777,0.0,0.30634425012374183,192.0,0.025020427087623028,0.042704453081434696,3.835,1.5734374021131896,0.41028354683525153
198,-476,49.625,-118.875,1,2,0.0,0,0,False,1.0,0.034482758620689655,0.5172413793103449,0.0,,1.0,0.034482758620689655,0.11348684210526315,283.0,0.0006758615319243656,0.17846738340559531,,,
198,-475,49.625,-118.625,2,20,1.0,9,7,True,0.49862637362637363,0.6551724137931034,0.5768993937097385,0.0027472527472527475,0.7777777777777778,0.49862637362637363,0.6551724137931034,0.08101383265856948,646.0,0.009131174247635935,0.22912839892693382,4.47,1.63995108255803,0.36687943681387697
198,-471,49.625,-117.625,59,1,30.08333333333333,49,23,True,0.014248463401005775,0.0,0.007124231700502887,0.15934065934065933,0.46938775510204084,0.014248463401005775,0.0,0.15588955221696874,355.0,0.00611830357952672,0.1100303586795772,3.54,0.8304187852795072,0.23458157776257266
198,-470,49.625,-117.375,17,1,112.5,10,8,True,0.056237879767291526,0.0,0.028118939883645763,0.04395604395604396,0.8,0.056237879767291526,0.0,0.2501709284695797,430.0,0.020856064441970426,0.2687254048816683,4.265,1.839913454284367,0.4313982307817977
198,-469,49.625,-117.125,4,3,6.0,3,2,True,0.24793956043956045,0.06896551724137931,0.1584525388404699,0.008241758241758242,0.6666666666666666,0.24793956043956045,0.06896551724137931,0.045003813882532426,204.0,0.004009734052251488,0.12281455514780755,,,
198,-468,49.625,-116.875,20,1,3.5999999999999996,4,2,True,0.04739010989010989,0.0,0.023695054945054944,0.0521978021978022,0.5,0.04739010989010989,0.0,0.04374466504873341,236.0,0.014549959221944986,0.1141323401023032,,,
198,-465,49.625,-116.125,4,27,6.0,0,0,False,0.24793956043956045,0.896551724137931,0.5722456422887457,0.008241758241758242,,0.24793956043956045,0.896551724137931,0.046386416408668724,229.0,0.0030333888331865928,0.05379457523943456,,,
198,-464,49.625,-115.875,3,2,3.0,5,4,True,0.3315018315018315,0.034482758620689655,0.18299229506126058,0.005494505494505495,0.8,0.3315018315018315,0.034482758620689655,0.33581871345029235,202.0,0.005487348075448339,0.13239617435113135,4.0,0.8811876402677398,0.22029691006693494
198,-462,49.625,-115.375,1,2,0.0,0,0,False,1.0,0.034482758620689655,0.5172413793103449,0.0,,1.0,0.034482758620689655,0.0,349.0,0.01322491461488917,0.11307590584632735,,,
198,-459,49.625,-114.625,1,28,0.0,3,3,True,1.0,0.9310344827586207,0.9655172413793103,0.0,1.0,1.0,0.9310344827586207,0.03508771929824561,99.0,0.003024431071978571,0.09289194521042955,,,
198,-458,49.625,-114.375,3,1,3.0,11,6,True,0.3315018315018315,0.0,0.16575091575091574,0.005494505494505495,0.5454545454545454,0.3315018315018315,0.0,0.4290935672514619,114.0,0.002762325746174149,0.04288052693472143,3.57,0.31049122818970387,0.08697233282624758
199,-504,49.875,-125.875,6,1,15.0,0,0,False,0.16437728937728938,0.0,0.08218864468864469,0.013736263736263736,,0.16437728937728938,0.0,0.14559146026831785,194.0,0.08203799311275327,0.02108098044643774,,,
199,-503,49.875,-125.625,25,1,3.125,2,2,True,0.03736263736263736,0.0,0.01868131868131868,0.06593406593406594,1.0,0.03736263736263736,0.0,0.17354962735323542,114.0,0.0064860643787419065,0.1570533034395867,,,
199,-502,49.875,-125.375,3,1,3.0,0,0,False,0.3315018315018315,0.0,0.16575091575091574,0.005494505494505495,,0.3315018315018315,0.0,0.05733262754587618,127.0,0.008310015605729474,0.267835555840456,,,
199,-501,49.875,-125.125,18,1,28.0,23,12,True,0.05296092796092795,0.0,0.026480463980463977,0.046703296703296704,0.5217391304347826,0.05296092796092795,0.0,0.07614132510016842,,0.003621487011881017,0.08159957899340764,3.54,0.39968840702601127,0.11290632966836477
199,-500,49.875,-124.875,1,2,0.0,2,2,True,1.0,0.034482758620689655,0.5172413793103449,0.0,1.0,1.0,0.034482758620689655,0.0,,0.0047973141876016916,0.002852832464077725,,,
199,-499,49.875,-124.625,5,1,10.0,1,1,True,0.19780219780219782,0.0,0.09890109890109891,0.01098901098901099,1.0,0.19780219780219782,0.0,0.03998713010295918,,0.004746793261636177,0.03490496727434608,,,
199,-497,49.875,-124.125,1,1,0.0,0,0,False,1.0,0.0,0.5,0.0,,1.0,0.0,0.07894736842105263,314.0,0.009864199657459875,0.08925868746238227,,,
199,-494,49.875,-123.375,1,3,0.0,0,0,False,1.0,0.06896551724137931,0.5344827586206896,0.0,,1.0,0.06896551724137931,0.024366471734892786,272.0,0.11779554160064762,0.016883821242878513,,,
199,-493,49.875,-123.125,5,1,4.5,6,6,True,0.19780219780219782,0.0,0.09890109890109891,0.01098901098901099,1.0,0.19780219780219782,0.0,0.14984418282548476,47.0,0.0429470594560604,0.050687150272095687,5.0,0.6957550825438946,0.13915101650877892
199,-492,49.875,-122.875,1,3,0.0,2,2,True,1.0,0.06896551724137931,0.5344827586206896,0.0,1.0,1.0,0.06896551724137931,0.02177858439201452,432.0,0.08881472176450116,0.0010944980141711065,,,
199,-486,49.875,-121.375,1,5,0.0,0,0,False,1.0,0.13793103448275862,0.5689655172413793,0.0,,1.0,0.13793103448275862,0.025809716599190284,114.0,0.006159429029094686,0.07212979365486366,,,
199,-485,49.875,-121.125,1,1,0.0,0,0,False,1.0,0.0,0.5,0.0,,1.0,0.0,0.00242914979757085,137.0,0.004640394239394716,0.3514908676485521,,,
199,-484,49.875,-120.875,36,2,66.66666666666667,1,1,True,0.025106837606837604,0.034482758620689655,0.029794798113763628,0.09615384615384616,1.0,0.025106837606837604,0.034482758620689655,0.47201602367900936,140.0,0.004743299100370208,0.4326812075568457,,,
199,-480,49.875,-119.875,34,2,28.125,2,2,True,0.02674531351001939,0.034482758620689655,0.030614036065354525,0.09065934065934066,1.0,0.02674531351001939,0.034482758620689655,0.2730543542811245,168.0,0.003535793460622275,0.19879888106925406,,,
199,-479,49.875,-119.625,13,1,78.0,34,14,True,0.07438715131022823,0.0,0.037193575655114115,0.03296703296703297,0.4117647058823529,0.07438715131022823,0.0,0.38006864575606186,189.0,0.004958218919572868,0.4049951596863851,3.855,1.4758465935082319,0.38283958327061784
199,-478,49.875,-119.375,36,1,22.5,49,27,True,0.025106837606837604,0.0,0.012553418803418802,0.09615384615384616,0.5510204081632653,0.025106837606837604,0.0,0.1677701704601971,195.0,0.012218938123234126,0.09960644442446359,3.44,0.893416936378147,0.2597142256913218
199,-477,49.875,-119.125,2,3,1.0,1,1,True,0.49862637362637363,0.06896551724137931,0.2837959454338765,0.0027472527472527475,1.0,0.49862637362637363,0.06896551724137931,0.018625533428165007,208.0,0.002161417553979937,0.18825839970977973,,,
199,-470,49.875,-117.375,2,7,0.0,1,1,True,0.49862637362637363,0.20689655172413793,0.35276146267525577,0.0027472527472527475,1.0,0.49862637362637363,0.20689655172413793,0.012171052631578947,317.0,0.0058439395197601674,0.08362201958362808,,,
199,-468,49.875,-116.875,5,3,10.0,44,13,True,0.19780219780219782,0.06896551724137931,0.13338385752178855,0.01098901098901099,0.29545454545454547,0.19780219780219782,0.06896551724137931,0.23124152304078863,239.0,0.012976858079875139,0.048450566045816906,3.825,0.6265803668029231,0.16381186060207137
199,-463,49.875,-115.625,3,2,3.0,1,1,True,0.3315018315018315,0.034482758620689655,0.18299229506126058,0.005494505494505495,1.0,0.3315018315018315,0.034482758620689655,0.07800424263272561,400.0,0.007661876854995541,0.13071398632232037,,,
200,-509,50.125,-127.125,1,9,0.0,0,0,False,1.0,0.27586206896551724,0.6379310344827587,0.0,,1.0,0.27586206896551724,0.054385964912280704,352.0,0.09015740784621336,0.06844656654700848,,,
200,-502,50.125,-125.375,6,1,15.0,3,2,True,0.16437728937728938,0.0,0.08218864468864469,0.013736263736263736,0.6666666666666666,0.16437728937728938,0.0,0.06574226364522417,,0.004562558523916217,0.15849520421783767,,,
200,-501,50.125,-125.125,14,2,12.25,8,7,True,0.06887755102040816,0.034482758620689655,0.051680154820548906,0.03571428571428571,0.875,0.06887755102040816,0.034482758620689655,0.13321637426900582,,0.004207996422506965,0.03776969626854792,4.64,0.3902293065992763,0.08410114366363713
200,-495,50.125,-123.625,1,15,0.0,0,0,False,1.0,0.4827586206896552,0.7413793103448276,0.0,,1.0,0.4827586206896552,0.1557017543859649,695.0,0.17115596346402434,0.1344257502557013,,,
200,-493,50.125,-123.125,2,22,1.0,1,1,True,0.49862637362637363,0.7241379310344828,0.6113821523304281,0.0027472527472527475,1.0,0.49862637362637363,0.7241379310344828,0.07042763157894735,69.0,0.013556639965220926,0.021725784622211607,,,
200,-492,50.125,-122.875,2,2,1.0,16,14,True,0.49862637362637363,0.034482758620689655,0.2665545661235316,0.0027472527472527475,0.875,0.49862637362637363,0.034482758620689655,0.5108892921960072,127.0,0.07425703329748341,0.017807005719313432,4.64,1.3225134940214918,0.28502445991842495
200,-485,50.125,-121.125,1,1,0.0,0,0,False,1.0,0.0,0.5,0.0,,1.0,0.0,0.1557017543859649,176.0,0.004040955945672177,0.5317261071738751,,,
200,-484,50.125,-120.875,35,1,544.5,4,3,True,0.025902668759811617,0.0,0.012951334379905808,0.09340659340659341,0.75,0.025902668759811617,0.0,0.7534980220158238,126.0,0.003928389030040646,0.10667310020881564,,,
200,-483,50.125,-120.625,32,5,496.0,12,7,True,0.0285885989010989,0.13793103448275862,0.08325981669192876,0.08516483516483517,0.5833333333333334,0.0285885989010989,0.13793103448275862,0.7439633589181286,147.0,0.003588160877254258,0.10712279342398084,3.845,1.1409149485391312,0.2967269046915816
200,-482,50.125,-120.375,1,1,0.0,0,0,False,1.0,0.0,0.5,0.0,,1.0,0.0,0.18947368421052632,181.0,0.002765700369558954,0.01202044194878429,,,
200,-479,50.125,-119.625,2,3,0.0,1,1,True,0.49862637362637363,0.06896551724137931,0.2837959454338765,0.0027472527472527475,1.0,0.49862637362637363,0.06896551724137931,0.004310344827586206,233.0,0.0015608312501165277,0.5550008112098997,,,
200,-478,50.125,-119.375,14,1,91.0,15,13,True,0.06887755102040816,0.0,0.03443877551020408,0.03571428571428571,0.8666666666666667,0.06887755102040816,0.0,0.34827729886594144,209.0,0.01683963920952697,0.06538673545594251,4.82,1.768135002723789,0.36683298811696863
200,-477,50.125,-119.125,4,9,6.0,4,4,True,0.24793956043956045,0.27586206896551724,0.26190081470253884,0.008241758241758242,1.0,0.24793956043956045,0.27586206896551724,0.21691337719298245,267.0,0.0004917957185038524,0.1241493818920932,,,
200,-476,50.125,-118.875,1,3,0.0,2,2,True,1.0,0.06896551724137931,0.5344827586206896,0.0,1.0,1.0,0.06896551724137931,0.02736842105263158,354.0,8.650633030553638e-05,0.239649823235661,,,
200,-470,50.125,-117.375,2,14,1.0,0,0,False,0.49862637362637363,0.4482758620689655,0.4734511178476696,0.0027472527472527475,,0.49862637362637363,0.4482758620689655,0.5250822368421052,272.0,0.011210329368934647,0.028880470685398618,,,
200,-469,50.125,-117.125,15,2,18.0,11,8,True,0.0641025641025641,0.034482758620689655,0.049292661361626876,0.038461538461538464,0.7272727272727273,0.0641025641025641,0.034482758620689655,0.07367199093808215,491.0,0.027236033241383125,0.06136326021855016,4.445,0.1671827952644924,0.03761142750607253
200,-468,50.125,-116.875,7,1,12.5,3,3,True,0.14050235478806908,0.0,0.07025117739403454,0.016483516483516484,1.0,0.14050235478806908,0.0,0.12966077425226752,263.0,0.006146743511690989,0.07973179301780861,,,
200,-464,50.125,-115.875,2,7,1.0,0,0,False,0.49862637362637363,0.20689655172413793,0.35276146267525577,0.0027472527472527475,,0.49862637362637363,0.20689655172413793,0.2621567505720824,198.0,0.0024519798964751354,0.11280229978006567,,,
200,-457,50.125,-114.125,3,12,0.5,0,0,False,0.3315018315018315,0.3793103448275862,0.35540608816470887,0.005494505494505495,,0.3315018315018315,0.3793103448275862,0.033278508771929824,71.0,0.0005780950452660196,0.04702296248749858,,,
201,-507,50.375,-126.625,234,5,36.125,0,0,False,0.0015379919226073077,0.13793103448275862,0.06973451320268297,0.6401098901098901,,0.0015379919226073077,0.13793103448275862,0.38762889800819417,341.0,0.056767807341706514,0.13983877699612945,,,
201,-506,50.375,-126.375,16,5,6.25,1,1,True,0.059924450549450545,0.13793103448275862,0.09892774251610459,0.04120879120879121,1.0,0.059924450549450545,0.13793103448275862,0.3927631578947368,289.0,0.07190829986199804,0.13848491092858572,,,
201,-494,50.375,-123.375,1,3,0.0,0,0,False,1.0,0.06896551724137931,0.5344827586206896,0.0,,1.0,0.06896551724137931,0.4934210526315789,705.0,0.33797013171882356,0.001068325038515629,,,
201,-492,50.375,-122.875,3,2,3.0,2,2,True,0.3315018315018315,0.034482758620689655,0.18299229506126058,0.005494505494505495,1.0,0.3315018315018315,0.034482758620689655,0.13347093223254214,97.0,0.00661010816513201,0.06009983536835453,,,
201,-491,50.375,-122.625,4,2,2.0,0,0,False,0.24793956043956045,0.034482758620689655,0.14121115953012506,0.008241758241758242,,0.24793956043956045,0.034482758620689655,0.017137085125541216,115.0,0.07034565312026674,0.04434382036040411,,,
201,-486,50.375,-121.375,114,1,50.0,36,18,True,0.00604877578561789,0.0,0.003024387892808945,0.31043956043956045,0.5,0.00604877578561789,0.0,0.3834937113222964,168.0,0.004680862425644688,0.5441344276914157,4.025,1.438767676630863,0.3574578078585995
201,-485,50.375,-121.125,1,14,0.0,0,0,False,1.0,0.4482758620689655,0.7241379310344828,0.0,,1.0,0.4482758620689655,0.006325910931174088,220.0,0.008185473939310014,0.2854712342416804,,,
201,-483,50.375,-120.625,1,2,0.0,0,0,False,1.0,0.034482758620689655,0.5172413793103449,0.0,,1.0,0.034482758620689655,1.0,136.0,0.002190012166048667,0.15464066308751026,,,
201,-482,50.375,-120.375,15,1,6.125,0,0,False,0.0641025641025641,0.0,0.03205128205128205,0.038461538461538464,,0.0641025641025641,0.0,0.11637731949028485,146.0,0.005087424236666482,0.2698627296702574,,,
201,-481,50.375,-120.125,4,3,2.0,0,0,False,0.24793956043956045,0.06896551724137931,0.1584525388404699,0.008241758241758242,,0.24793956043956045,0.06896551724137931,0.05295646523716698,214.0,0.0015468314279657636,0.15165696713011523,,,
201,-480,50.375,-119.875,4,4,6.0,0,0,False,0.24793956043956045,0.10344827586206896,0.1756939181508147,0.008241758241758242,,0.24793956043956045,0.10344827586206896,0.025689524291497966,239.0,0.0039025793116266166,0.719629974829802,,,
201,-478,50.375,-119.375,12,1,16.0,8,6,True,0.0808150183150183,0.0,0.04040750915750915,0.03021978021978022,0.75,0.0808150183150183,0.0,0.23443486249407303,272.0,7.125634096280634e-05,0.3334007450650925,3.99,1.5086440615342307,0.3781062810862733
201,-477,50.375,-119.125,7,1,2.25,1,1,True,0.14050235478806908,0.0,0.07025117739403454,0.016483516483516484,1.0,0.14050235478806908,0.0,0.06294034157010564,242.0,0.003025801280447049,0.14140913116016063,,,
201,-475,50.375,-118.625,1,3,0.0,0,0,False,1.0,0.06896551724137931,0.5344827586206896,0.0,,1.0,0.06896551724137931,0.00242914979757085,315.0,0.009276772163202935,0.21998932876068117,,,
201,-469,50.375,-117.125,4,2,2.0,0,0,False,0.24793956043956045,0.034482758620689655,0.14121115953012506,0.008241758241758242,,0.24793956043956045,0.034482758620689655,0.09937482695260388,306.0,0.01564837290339232,0.09598509068532488,,,
201,-468,50.375,-116.875,1,2,0.0,0,0,False,1.0,0.034482758620689655,0.5172413793103449,0.0,,1.0,0.034482758620689655,0.00242914979757085,426.0,0.02582511690404987,0.0914690926191812,,,
201,-465,50.375,-116.125,3,2,0.5,1,1,True,0.3315018315018315,0.034482758620689655,0.18299229506126058,0.005494505494505495,1.0,0.3315018315018315,0.034482758620689655,0.08101383265856948,259.0,0.015155086821362898,0.027755038826037456,,,
201,-460,50.375,-114.875,2,3,1.0,0,0,False,0.49862637362637363,0.06896551724137931,0.2837959454338765,0.0027472527472527475,,0.49862637362637363,0.06896551724137931,0.018609179721879945,136.0,0.016260777929023043,0.05346860217046867,,,
201,-459,50.375,-114.625,107,2,12.25,1,1,True,0.006624216904590735,0.034482758620689655,0.020553487762640196,0.29120879120879123,1.0,0.006624216904590735,0.034482758620689655,0.05473484638402192,65.0,0.006268303960497393,0.017876005538634863,,,
202,-513,50.625,-128.125,1,8,0.0,0,0,False,1.0,0.2413793103448276,0.6206896551724138,0.0,,1.0,0.2413793103448276,0.00886727688787185,388.0,0.04442455473580034,0.15268959336827398,,,
202,-509,50.625,-127.125,1,11,0.0,0,0,False,1.0,0.3448275862068966,0.6724137931034483,0.0,,1.0,0.3448275862068966,1.0,,0.013252379831994187,0.10366561396109256,,,
202,-508,50.625,-126.875,1,9,0.0,0,0,False,1.0,0.27586206896551724,0.6379310344827587,0.0,,1.0,0.27586206896551724,0.1557017543859649,,0.012993617444805558,0.02375060734377544,,,
202,-493,50.625,-123.125,2,1,0.0,0,0,False,0.49862637362637363,0.0,0.24931318681318682,0.0027472527472527475,,0.49862637362637363,0.0,0.016640866873065013,413.0,0.09660456901534441,0.025961014716510505,,,
202,-490,50.625,-122.375,1,14,0.0,0,0,False,1.0,0.4482758620689655,0.7241379310344828,0.0,,1.0,0.4482758620689655,0.0,553.0,0.010010028367342194,0.18268597625140473,,,
202,-488,50.625,-121.875,3,3,0.5,5,5,True,0.3315018315018315,0.06896551724137931,0.20023367437160539,0.005494505494505495,1.0,0.3315018315018315,0.06896551724137931,0.005201958384332926,141.0,0.013662862219298527,0.006105395431321155,5.0,0.41559720828775853,0.08311944165755171
202,-485,50.625,-121.125,1,12,0.0,4,4,True,1.0,0.3793103448275862,0.6896551724137931,0.0,1.0,1.0,0.3793103448275862,0.03508771929824561,187.0,0.0075180775808043,0.5018272786630807,,,
202,-484,50.625,-120.875,14,9,25.0,1,1,True,0.06887755102040816,0.27586206896551724,0.1723698099929627,0.03571428571428571,1.0,0.06887755102040816,0.27586206896551724,0.2096802858568225,194.0,0.0011906809817672232,0.8620741786216125,,,
202,-482,50.625,-120.375,52,1,90.75,55,28,True,0.0165363482671175,0.0,0.00826817413355875,0.1401098901098901,0.509090909090909,0.0165363482671175,0.0,0.21509459505868928,183.0,0.0021287718376336077,0.10306839258191093,3.24,1.526856797052904,0.4712520978558345
202,-481,50.625,-120.125,16,1,120.0,3,3,True,0.059924450549450545,0.0,0.029962225274725272,0.04120879120879121,1.0,0.059924450549450545,0.0,0.3027922453703703,197.0,0.006296075655494977,0.0864129911436301,,,
202,-478,50.625,-119.375,11,2,55.0,9,5,True,0.08841158841158842,0.034482758620689655,0.061447173516139035,0.027472527472527472,0.5555555555555556,0.08841158841158842,0.034482758620689655,0.07016866589228554,233.0,0.016612948173991587,0.11278324272931854,3.445,0.5162183881727844,0.1498456859717807
202,-477,50.625,-119.125,1,26,0.0,7,5,True,1.0,0.8620689655172413,0.9310344827586207,0.0,0.7142857142857143,1.0,0.8620689655172413,0.010964912280701752,246.0,0.018715279959255413,0.133007666359012,3.595,0.9823212230813329,0.27324651546073236
202,-473,50.625,-118.125,1,2,0.0,0,0,False,1.0,0.034482758620689655,0.5172413793103449,0.0,,1.0,0.034482758620689655,0.06477732793522267,426.0,0.03652960314264604,0.04905729822288304,,,
202,-465,50.625,-116.125,2,21,1.0,1,1,True,0.49862637362637363,0.6896551724137931,0.5941407730200834,0.0027472527472527475,1.0,0.49862637362637363,0.6896551724137931,0.7467105263157895,157.0,0.004657429600973471,0.07402136992079074,,,
202,-461,50.625,-115.125,7,2,21.0,10,9,True,0.14050235478806908,0.034482758620689655,0.08749255670437936,0.016483516483516484,0.9,0.14050235478806908,0.034482758620689655,0.1078435108040371,82.0,0.007388362201853948,0.010062242455038834,4.8,2.097300268690613,0.43693755597721107
202,-460,50.625,-114.875,1,3,0.0,31,16,True,1.0,0.06896551724137931,0.5344827586206896,0.0,0.5161290322580645,1.0,0.06896551724137931,0.054385964912280704,107.0,0.023925282807331933,0.00036166020103406925,4.135,1.8905577378742437,0.4572086427749078
202,-459,50.625,-114.625,5,1,1.0,10,7,True,0.19780219780219782,0.0,0.09890109890109891,0.01098901098901099,0.7,0.19780219780219782,0.0,0.04724190283400809,50.0,0.007243451790642931,0.050718084740517776,4.14,0.2936860012270316,0.07093864763937961
202,-458,50.625,-114.375,1,5,0.0,2,2,True,1.0,0.13793103448275862,0.5689655172413793,0.0,1.0,1.0,0.13793103448275862,0.024366471734892786,45.0,0.0014248289261792804,0.05195533495310583,,,
202,-457,50.625,-114.125,1,2,0.0,2,2,True,1.0,0.034482758620689655,0.5172413793103449,0.0,1.0,1.0,0.034482758620689655,0.00242914979757085,39.0,0.0005892165109264418,0.001063566454165187,,,
203,-505,50.875,-126.125,4,1,6.0,0,0,False,0.24793956043956045,0.0,0.12396978021978022,0.008241758241758242,,0.24793956043956045,0.0,0.15670687134502925,541.0,0.015066413348855247,0.015277763915866188,,,
203,-492,50.875,-122.875,1,25,0.0,1,1,True,1.0,0.8275862068965517,0.9137931034482758,0.0,1.0,1.0,0.8275862068965517,0.04312865497076023,201.0,0.002454613549035704,0.3310808903907933,,,
203,-485,50.875,-121.125,1,3,0.0,8,7,True,1.0,0.06896551724137931,0.5344827586206896,0.0,0.875,1.0,0.06896551724137931,0.014224751066856329,193.0,0.0016279026112952883,0.3840165200343318,4.675,2.4109881991163613,0.5157194008805052
203,-484,50.875,-120.875,1,21,0.0,0,0,False,1.0,0.6896551724137931,0.8448275862068966,0.0,,1.0,0.6896551724137931,0.00526315789473684,226.0,0.0007658983291137305,0.6440715872881707,,,
203,-483,50.875,-120.625,3,3,3.0,0,0,False,0.3315018315018315,0.06896551724137931,0.20023367437160539,0.005494505494505495,,0.3315018315018315,0.06896551724137931,0.13238304093567252,253.0,0.002450724703733387,0.09076005510270882,,,
203,-482,50.875,-120.375,15,4,13.5,19,8,True,0.0641025641025641,0.10344827586206896,0.08377541998231652,0.038461538461538464,0.42105263157894735,0.0641025641025641,0.10344827586206896,0.22274224701501527,192.0,0.00035092657165064874,0.09938278555864849,2.78,0.7192510192331935,0.258723388213379
203,-481,50.875,-120.125,1,1,0.0,1,1,True,1.0,0.0,0.5,0.0,1.0,1.0,0.0,0.02736842105263158,253.0,0.00120889817349975,0.1337405118933015,,,
203,-479,50.875,-119.625,2,2,1.0,9,7,True,0.49862637362637363,0.034482758620689655,0.2665545661235316,0.0027472527472527475,0.7777777777777778,0.49862637362637363,0.034482758620689655,0.015847835314091677,212.0,0.018470738971437573,0.5625671871835644,4.435,0.36737813225793725,0.08283610648431505
203,-478,50.875,-119.375,26,1,84.5,2,2,True,0.03581994928148774,0.0,0.01790997464074387,0.06868131868131869,1.0,0.03581994928148774,0.0,0.027876885431208625,219.0,0.011515952145743672,0.3122888301502327,,,
203,-477,50.875,-119.125,13,1,60.5,0,0,False,0.07438715131022823,0.0,0.037193575655114115,0.03296703296703297,,0.07438715131022823,0.0,0.14317003272992385,265.0,0.004386895994072715,0.10937126836355138,,,
203,-476,50.875,-118.875,1,3,0.0,0,0,False,1.0,0.06896551724137931,0.5344827586206896,0.0,,1.0,0.06896551724137931,0.04016620498614958,282.0,0.002524445065049261,0.22704405394489105,,,
203,-475,50.875,-118.625,1,4,0.0,3,3,True,1.0,0.10344827586206896,0.5517241379310345,0.0,1.0,1.0,0.10344827586206896,0.03508771929824561,326.0,0.014875030344659274,0.22479558786906506,,,
203,-473,50.875,-118.125,15,2,3.0,13,8,True,0.0641025641025641,0.034482758620689655,0.049292661361626876,0.038461538461538464,0.6153846153846154,0.0641025641025641,0.034482758620689655,0.027154675551057123,261.0,0.011991139748400693,0.06535342993585769,3.32,0.46976867428998725,0.14149658864156242
203,-472,50.875,-117.875,3,2,0.5,0,0,False,0.3315018315018315,0.034482758620689655,0.18299229506126058,0.005494505494505495,,0.3315018315018315,0.034482758620689655,0.005482456140350874,318.0,0.017282035496855565,0.06506314230238389,,,
203,-464,50.875,-115.875,3,1,3.0,0,0,False,0.3315018315018315,0.0,0.16575091575091574,0.005494505494505495,,0.3315018315018315,0.0,0.003045698711333385,246.0,0.05340926287701551,0.3935790467319303,,,
203,-462,50.875,-115.375,4,2,6.0,5,5,True,0.24793956043956045,0.034482758620689655,0.14121115953012506,0.008241758241758242,1.0,0.24793956043956045,0.034482758620689655,0.10253394510489726,98.0,0.00896036037146461,0.004720617054716675,5.0,1.0623842329634885,0.2124768465926977
203,-461,50.875,-115.125,27,1,25.0,4,1,True,0.03439153439153439,0.0,0.017195767195767195,0.07142857142857142,0.25,0.03439153439153439,0.0,0.11183183544007677,58.0,0.008315392478844452,0.006041153226878107,,,
203,-460,50.875,-114.875,6,1,8.0,26,10,True,0.16437728937728938,0.0,0.08218864468864469,0.013736263736263736,0.38461538461538464,0.16437728937728938,0.0,0.030951913153925533,57.0,0.014552001567728168,0.06881774471309549,3.035,0.5709419725252777,0.18811926607093168
203,-459,50.875,-114.625,69,1,44.099999999999994,76,16,True,0.01178531613314222,0.0,0.00589265806657111,0.18681318681318682,0.21052631578947367,0.01178531613314222,0.0,0.17702449845672819,35.0,0.003688253345304247,0.11992128711214381,1.745,0.5200209933371057,0.29800629990665084
203,-458,50.875,-114.375,1,3,0.0,0,0,False,1.0,0.06896551724137931,0.5344827586206896,0.0,,1.0,0.06896551724137931,0.13157894736842105,16.0,0.0005814065085540772,0.022725107556221667,,,
203,-457,50.875,-114.125,53,1,78.4,50,30,True,0.016172506738544475,0.0,0.008086253369272238,0.14285714285714285,0.6,0.016172506738544475,0.0,0.17850681856445869,6.0,0.0009545611764557277,0.010183589333639286,4.08,1.8254871256181886,0.4474233151024972
204,-491,51.125,-122.625,1,9,0.0,0,0,False,1.0,0.27586206896551724,0.6379310344827587,0.0,,1.0,0.27586206896551724,0.03508771929824561,292.0,0.014505571842864976,0.13515859578999082,,,
204,-489,51.125,-122.125,1,8,0.0,0,0,False,1.0,0.2413793103448276,0.6206896551724138,0.0,,1.0,0.2413793103448276,0.07894736842105263,262.0,0.000931006591696304,0.22559504444352418,,,
204,-487,51.125,-121.625,9,5,1.0,0,0,False,0.10866910866910866,0.13793103448275862,0.12330007157593365,0.02197802197802198,,0.10866910866910866,0.13793103448275862,0.0634929908678304,221.0,0.0010210504345360685,0.1871329700663547,,,
204,-481,51.125,-120.125,4,2,2.0,1,1,True,0.24793956043956045,0.034482758620689655,0.14121115953012506,0.008241758241758242,1.0,0.24793956043956045,0.034482758620689655,0.0677633517923899,198.0,0.011293102667794262,0.14176602983380407,,,
204,-480,51.125,-119.875,4,1,2.0,0,0,False,0.24793956043956045,0.0,0.12396978021978022,0.008241758241758242,,0.24793956043956045,0.0,0.3432658569500674,266.0,0.005943705006434403,0.2444061262798538,,,
204,-479,51.125,-119.625,1,3,0.0,0,0,False,1.0,0.06896551724137931,0.5344827586206896,0.0,,1.0,0.06896551724137931,0.02736842105263158,315.0,0.0038877430402180927,0.3802904500172737,,,
204,-478,51.125,-119.375,6,2,8.0,0,0,False,0.16437728937728938,0.034482758620689655,0.09943002399898951,0.013736263736263736,,0.16437728937728938,0.034482758620689655,0.0582863995633762,403.0,0.005033360367822822,0.20045491218794656,,,
204,-473,51.125,-118.125,2,1,1.0,7,6,True,0.49862637362637363,0.0,0.24931318681318682,0.0027472527472527475,0.8571428571428571,0.49862637362637363,0.0,0.2717927631578947,384.0,0.046725337177405304,0.0373437889118385,4.51,0.7307678516660195,0.16203278307450544
204,-467,51.125,-116.625,1,11,0.0,14,11,True,1.0,0.3448275862068966,0.6724137931034483,0.0,0.7857142857142857,1.0,0.3448275862068966,0.020614035087719296,388.0,0.07169296171245138,0.10904529529458548,4.675,0.6648661074291564,0.14221734918270726
204,-465,51.125,-116.125,3,23,0.5,4,4,True,0.3315018315018315,0.7586206896551724,0.5450612605785019,0.005494505494505495,1.0,0.3315018315018315,0.7586206896551724,0.08900928792569658,105.0,0.007950862891818466,0.012724727390218625,,,
204,-463,51.125,-115.625,20,1,78.0,31,19,True,0.04739010989010989,0.0,0.023695054945054944,0.0521978021978022,0.6129032258064516,0.04739010989010989,0.0,0.18267691602056924,168.0,0.04408532852141228,0.020638422545622048,4.23,0.7865289986012702,0.1859406616078653
204,-462,51.125,-115.375,27,1,81.0,25,11,True,0.03439153439153439,0.0,0.017195767195767195,0.07142857142857142,0.44,0.03439153439153439,0.0,0.13936805861067425,57.0,0.005088755042034755,0.008689361993518547,2.345,0.6295894333363897,0.26848163468502756
204,-461,51.125,-115.125,91,1,42.66666666666666,14,7,True,0.008271947832387393,0.0,0.004135973916193697,0.24725274725274726,0.5,0.008271947832387393,0.0,0.10946410407932858,47.0,0.01789874500943276,0.006876301330653693,2.785,1.027193217414535,0.3688305987125799
204,-460,51.125,-114.875,12,2,24.5,88,16,True,0.0808150183150183,0.034482758620689655,0.05764888846785398,0.03021978021978022,0.18181818181818182,0.0808150183150183,0.034482758620689655,0.18462740390526897,43.0,0.0020830054880955694,0.11768468959024823,3.15,0.6861433173806123,0.21782327535892454
204,-458,51.125,-114.375,10,1,9.0,5,5,True,0.09752747252747253,0.0,0.048763736263736264,0.024725274725274724,1.0,0.09752747252747253,0.0,0.05488635363492342,13.0,0.00106402434678575,0.0030122485714657483,5.0,1.4398155029188424,0.2879631005837685
204,-457,51.125,-114.125,76,1,52.5625,68,36,True,0.01044679005205321,0.0,0.005223395026026605,0.20604395604395603,0.5294117647058824,0.01044679005205321,0.0,0.1908768970667269,0.0,0.001212957955350118,0.005774665855444948,3.565,1.55473361231436,0.43611041018635627
205,-488,51.375,-121.875,5,7,1.0,0,0,False,0.19780219780219782,0.20689655172413793,0.2023493747631679,0.01098901098901099,,0.19780219780219782,0.20689655172413793,0.036236185578290836,332.0,0.001561298254393097,0.34940657584897655,,,
205,-487,51.375,-121.625,1,5,0.0,0,0,False,1.0,0.13793103448275862,0.5689655172413793,0.0,,1.0,0.13793103448275862,0.03089244851258581,262.0,0.0011949876565371313,0.8835310350187401,,,
205,-484,51.375,-120.875,1,3,0.0,0,0,False,1.0,0.06896551724137931,0.5344827586206896,0.0,,1.0,0.06896551724137931,0.006325910931174088,328.0,0.00030334577704381477,0.38525847246339484,,,
205,-483,51.375,-120.625,1,8,0.0,0,0,False,1.0,0.2413793103448276,0.6206896551724138,0.0,,1.0,0.2413793103448276,0.015789473684210523,303.0,0.0001859390091017906,0.10482435355647468,,,
205,-481,51.375,-120.125,1,20,0.0,0,0,False,1.0,0.6551724137931034,0.8275862068965517,0.0,,1.0,0.6551724137931034,0.0067079463364293065,251.0,0.005643147902896196,0.19156569325260567,,,
205,-471,51.375,-117.625,2,14,1.0,0,0,False,0.49862637362637363,0.4482758620689655,0.4734511178476696,0.0027472527472527475,,0.49862637362637363,0.4482758620689655,0.014097070150268062,573.0,0.0273531880585949,0.09288956086315002,,,
205,-470,51.375,-117.375,1,14,0.0,3,2,True,1.0,0.4482758620689655,0.7241379310344828,0.0,0.6666666666666666,1.0,0.4482758620689655,0.011553273427471117,318.0,0.08455650751348331,0.1418516890609763,,,
205,-469,51.375,-117.125,1,1,0.0,1,1,True,1.0,0.0,0.5,0.0,1.0,1.0,0.0,0.05016447368421052,186.0,0.008564455059203219,0.08868764072080822,,,
205,-468,51.375,-116.875,3,1,3.0,3,3,True,0.3315018315018315,0.0,0.16575091575091574,0.005494505494505495,1.0,0.3315018315018315,0.0,0.10110803324099722,227.0,0.08559856132845867,0.0789037863222069,,,
205,-467,51.375,-116.625,3,1,3.0,10,7,True,0.3315018315018315,0.0,0.16575091575091574,0.005494505494505495,0.7,0.3315018315018315,0.0,0.0469053478341404,143.0,0.013615921307247472,0.023041558747622388,4.025,1.8277852826158492,0.45410814474927924
205,-466,51.375,-116.375,2,2,0.0,14,10,True,0.49862637362637363,0.034482758620689655,0.2665545661235316,0.0027472527472527475,0.7142857142857143,0.49862637362637363,0.034482758620689655,0.13157894736842105,134.0,0.041123364354085826,0.0063861573093415645,4.48,1.1324139757659522,0.25277097673347143
205,-459,51.375,-114.625,5,1,10.0,5,5,True,0.19780219780219782,0.0,0.09890109890109891,0.01098901098901099,1.0,0.19780219780219782,0.0,0.27728070175438596,48.0,0.0025973386972596288,0.06496320801464035,5.0,1.0129410453174967,0.20258820906349934
205,-458,51.375,-114.375,3,1,3.0,0,0,False,0.3315018315018315,0.0,0.16575091575091574,0.005494505494505495,,0.3315018315018315,0.0,0.14444444444444446,36.0,0.0013734668590261938,0.00025696907745220634,,,
205,-457,51.375,-114.125,7,6,12.5,3,3,True,0.14050235478806908,0.1724137931034483,0.15645807394575867,0.016483516483516484,1.0,0.14050235478806908,0.1724137931034483,0.2765643274853801,29.0,0.0013985735928356345,0.0003045559423646889,,,
206,-513,51.625,-128.125,162,20,24.045454545454547,0,0,False,0.0034425451092117755,0.6551724137931034,0.3293074794511576,0.4423076923076923,,0.0034425451092117755,0.6551724137931034,0.40075388355923247,633.0,0.026131134338247913,0.00010707044172508554,,,
206,-512,51.625,-127.875,24,23,2.25,0,0,False,0.03903388278388278,0.7586206896551724,0.39882728621952757,0.06318681318681318,,0.03903388278388278,0.7586206896551724,0.20614035087719296,,0.017147231986284702,0.0017345413204103957,,,
206,-510,51.625,-127.375,3,23,0.5,0,0,False,0.3315018315018315,0.7586206896551724,0.5450612605785019,0.005494505494505495,,0.3315018315018315,0.7586206896551724,0.0531798245614035,835.0,0.07691089281699107,0.071794305356141,,,
206,-486,51.625,-121.375,19,2,2.0,7,4,True,0.05002891844997107,0.034482758620689655,0.04225583853533037,0.04945054945054945,0.5714285714285714,0.05002891844997107,0.034482758620689655,0.07950529814564902,238.0,0.0006020118001958556,0.42667811247907445,3.37,1.7869635219262474,0.5302562379603107
206,-484,51.625,-120.875,2,2,1.0,0,0,False,0.49862637362637363,0.034482758620689655,0.2665545661235316,0.0027472527472527475,,0.49862637362637363,0.034482758620689655,0.016660799155078326,248.0,0.0,0.2240912924559181,,,
206,-481,51.625,-120.125,27,2,56.25,3,2,True,0.03439153439153439,0.034482758620689655,0.03443714650611202,0.07142857142857142,0.6666666666666666,0.03439153439153439,0.034482758620689655,0.2013763271006312,234.0,0.008850353065860593,0.22622084253508198,,,
206,-470,51.625,-117.375,1,26,0.0,0,0,False,1.0,0.8620689655172413,0.9310344827586207,0.0,,1.0,0.8620689655172413,0.0067079463364293065,223.0,0.0061675246604188565,0.05350429646970528,,,
206,-467,51.625,-116.625,3,1,3.0,1,1,True,0.3315018315018315,0.0,0.16575091575091574,0.005494505494505495,1.0,0.3315018315018315,0.0,0.36101973684210525,235.0,0.04889963480924932,0.024968827096849954,,,
206,-466,51.625,-116.375,2,2,1.0,8,6,True,0.49862637362637363,0.034482758620689655,0.2665545661235316,0.0027472527472527475,0.75,0.49862637362637363,0.034482758620689655,0.25503095975232193,151.0,0.14946546423156695,0.0025363798877169204,4.285,1.8537681803132822,0.43261801174172276
206,-460,51.625,-114.875,17,13,9.0,0,0,False,0.056237879767291526,0.41379310344827586,0.23501549160778368,0.04395604395604396,,0.056237879767291526,0.41379310344827586,0.21957259444488544,86.0,0.0017600499710209421,0.07024773261869334,,,
206,-459,51.625,-114.625,3,16,3.0,0,0,False,0.3315018315018315,0.5172413793103449,0.4243716054060882,0.005494505494505495,,0.3315018315018315,0.5172413793103449,0.03206054351565188,61.0,0.0013290177627714598,0.05128198287212552,,,
206,-458,51.625,-114.375,2,14,1.0,1,1,True,0.49862637362637363,0.4482758620689655,0.4734511178476696,0.0027472527472527475,1.0,0.49862637362637363,0.4482758620689655,0.032959236326109385,43.0,0.0015127787453240581,0.005351142846015059,,,
206,-457,51.625,-114.125,1,30,0.0,0,0,False,1.0,1.0,1.0,0.0,,1.0,1.0,0.02736842105263158,36.0,0.002111095548062251,0.0007804245914895146,,,
207,-492,51.875,-122.875,4,19,6.0,38,18,True,0.24793956043956045,0.6206896551724138,0.43431460780598713,0.008241758241758242,0.47368421052631576,0.24793956043956045,0.6206896551724138,0.2962924890350877,372.0,0.009224337700291425,1.0,4.39,1.3590486192618971,0.3095782731803866
207,-491,51.875,-122.625,2,6,1.0,0,0,False,0.49862637362637363,0.1724137931034483,0.33552008336491096,0.0027472527472527475,,0.49862637362637363,0.1724137931034483,0.10526315789473684,420.0,0.0026032298590955086,0.5525263373759572,,,
207,-486,51.875,-121.375,11,2,12.25,0,0,False,0.08841158841158842,0.034482758620689655,0.061447173516139035,0.027472527472527472,,0.08841158841158842,0.034482758620689655,0.13816603772013128,289.0,0.00023029007314070993,0.1933716102913605,,,
207,-485,51.875,-121.125,3,1,3.0,14,6,True,0.3315018315018315,0.0,0.16575091575091574,0.005494505494505495,0.42857142857142855,0.3315018315018315,0.0,0.011399253504516657,275.0,0.0007911306045637053,0.26331481567098686,3.295,1.0062060231990255,0.30537360339879377
207,-481,51.875,-120.125,8,1,18.0,2,1,True,0.12259615384615384,0.0,0.06129807692307692,0.019230769230769232,0.5,0.12259615384615384,0.0,0.08038387194733945,337.0,0.0006592205726352811,0.14504238890820792,,,
207,-480,51.875,-119.875,1,19,0.0,0,0,False,1.0,0.6206896551724138,0.8103448275862069,0.0,,1.0,0.6206896551724138,0.1557017543859649,317.0,0.02015467900712011,0.013264838555402517,,,
207,-458,51.875,-114.375,3,1,3.0,3,2,True,0.3315018315018315,0.0,0.16575091575091574,0.005494505494505495,0.6666666666666666,0.3315018315018315,0.0,0.23623481781376515,45.0,0.002407973804306948,0.013000732207344682,,,
207,-457,51.875,-114.125,1,2,0.0,0,0,False,1.0,0.034482758620689655,0.5172413793103449,0.0,,1.0,0.034482758620689655,0.4934210526315789,41.0,0.00344882089471752,0.005115587727067862,,,
208,-513,52.125,-128.125,1,1,0.0,0,0,False,1.0,0.0,0.5,0.0,,1.0,0.0,0.18947368421052632,,0.015334580534403664,0.0029123159456743227,,,
208,-510,52.125,-127.375,1,1,0.0,0,0,False,1.0,0.0,0.5,0.0,,1.0,0.0,0.07127192982456139,1066.0,0.027400978157717772,0.00817542380399013,,,
208,-489,52.125,-122.125,10,1,32.0,1,1,True,0.09752747252747253,0.0,0.048763736263736264,0.024725274725274724,1.0,0.09752747252747253,0.0,0.12983532621690516,284.0,0.0101316601332546,0.42001835575127966,,,
208,-481,52.125,-120.125,7,1,12.5,0,0,False,0.14050235478806908,0.0,0.07025117739403454,0.016483516483516484,,0.14050235478806908,0.0,0.06435955284096857,375.0,0.0021073813537369535,0.1849201894260208,,,
208,-468,52.125,-116.875,1,4,0.0,2,2,True,1.0,0.10344827586206896,0.5517241379310345,0.0,1.0,1.0,0.10344827586206896,0.011553273427471117,194.0,0.023722294762207545,0.006271948515010787,,,
208,-466,52.125,-116.375,1,7,0.0,58,37,True,1.0,0.20689655172413793,0.603448275862069,0.0,0.6379310344827587,1.0,0.20689655172413793,0.00886727688787185,308.0,0.029721168154169347,0.0025363798877169204,4.745,3.953422259557878,0.8331764509078773
208,-461,52.125,-115.125,1,2,0.0,0,0,False,1.0,0.034482758620689655,0.5172413793103449,0.0,,1.0,0.034482758620689655,0.03089244851258581,120.0,0.0014468179714248464,0.2251525131339421,,,
208,-460,52.125,-114.875,1,1,0.0,6,4,True,1.0,0.0,0.5,0.0,0.6666666666666666,1.0,0.0,0.024366471734892786,54.0,0.0017586488676296335,0.08539462667042584,3.685,1.5163810080267914,0.41150095197470593
208,-459,52.125,-114.625,1,1,0.0,0,0,False,1.0,0.0,0.5,0.0,,1.0,0.0,0.04016620498614958,43.0,0.0029066691393510396,0.026741438615519978,,,
208,-458,52.125,-114.375,1,29,0.0,5,3,True,1.0,0.9655172413793104,0.9827586206896552,0.0,0.6,1.0,0.9655172413793104,1.0,34.0,0.0043829029397056,0.015551387709616922,3.0,0.3677129564624041,0.12257098548746803
209,-508,52.375,-126.875,1,1,0.0,0,0,False,1.0,0.0,0.5,0.0,,1.0,0.0,0.01850328947368421,,0.01967157376571591,0.010764149089033974,,,
209,-501,52.375,-125.125,7,3,12.5,0,0,False,0.14050235478806908,0.06896551724137931,0.1047339360147242,0.016483516483516484,,0.14050235478806908,0.06896551724137931,0.16063119755911517,509.0,0.003398967087079033,0.11847464423056742,,,
209,-495,52.375,-123.625,2,12,1.0,0,0,False,0.49862637362637363,0.3793103448275862,0.4389683592269799,0.0027472527472527475,,0.49862637362637363,0.3793103448275862,0.10986842105263157,469.0,0.0026567988240871155,0.6490562026640587,,,
209,-490,52.375,-122.375,3,6,0.5,0,0,False,0.3315018315018315,0.1724137931034483,0.2519578123026399,0.005494505494505495,,0.3315018315018315,0.1724137931034483,0.08393640350877192,323.0,0.01381238161244826,0.08011248198178011,,,
209,-470,52.375,-117.375,3,2,3.0,2,2,True,0.3315018315018315,0.034482758620689655,0.18299229506126058,0.005494505494505495,1.0,0.3315018315018315,0.034482758620689655,0.03365751334858885,202.0,0.012449978105844282,0.0003949709839672057,,,
209,-467,52.375,-116.625,1,1,0.0,0,0,False,1.0,0.0,0.5,0.0,,1.0,0.0,0.13157894736842105,560.0,0.046863072865924456,0.007844694228113926,,,
209,-466,52.375,-116.375,1,1,0.0,4,3,True,1.0,0.0,0.5,0.0,0.75,1.0,0.0,0.00242914979757085,141.0,0.018561522575763077,0.07023345755812206,,,
209,-465,52.375,-116.125,1,1,0.0,2,2,True,1.0,0.0,0.5,0.0,1.0,1.0,0.0,0.00242914979757085,144.0,0.009207936141046955,0.04663750926084029,,,
209,-464,52.375,-115.875,2,1,1.0,0,0,False,0.49862637362637363,0.0,0.24931318681318682,0.0027472527472527475,,0.49862637362637363,0.0,0.12253289473684209,236.0,0.006398154610914406,0.2683709082827934,,,
209,-460,52.375,-114.875,3,3,3.0,6,5,True,0.3315018315018315,0.06896551724137931,0.20023367437160539,0.005494505494505495,0.8333333333333334,0.3315018315018315,0.06896551724137931,0.060087719298245613,57.0,0.0036185497170012236,0.029846483667451594,4.185,1.019727064754085,0.24366238106429752
209,-458,52.375,-114.375,1,6,0.0,0,0,False,1.0,0.1724137931034483,0.5862068965517242,0.0,,1.0,0.1724137931034483,0.3245614035087719,26.0,0.006165721168391055,0.012129891466284584,,,
209,-457,52.375,-114.125,6,1,8.0,1,1,True,0.16437728937728938,0.0,0.08218864468864469,0.013736263736263736,1.0,0.16437728937728938,0.0,0.1329145580296896,23.0,0.006312547971387947,0.0077185897346350885,,,
210,-490,52.625,-122.375,1,1,0.0,0,0,False,1.0,0.0,0.5,0.0,,1.0,0.0,0.010964912280701752,352.0,0.0011749874066605142,0.17783449431841067,,,
210,-477,52.625,-119.125,1,25,0.0,0,0,False,1.0,0.8275862068965517,0.9137931034482758,0.0,,1.0,0.8275862068965517,0.18947368421052632,317.0,0.0038947669351338636,0.06288128726672752,,,
210,-472,52.625,-117.875,1,6,0.0,1,1,True,1.0,0.1724137931034483,0.5862068965517242,0.0,1.0,1.0,0.1724137931034483,0.03089244851258581,225.0,0.004454787654608557,0.0034286340506099956,,,
210,-465,52.625,-116.125,1,2,0.0,0,0,False,1.0,0.034482758620689655,0.5172413793103449,0.0,,1.0,0.034482758620689655,0.06477732793522267,146.0,0.008205277147619426,0.22280170626373172,,,
210,-460,52.625,-114.875,1,12,0.0,0,0,False,1.0,0.3793103448275862,0.6896551724137931,0.0,,1.0,0.3793103448275862,0.0067079463364293065,69.0,0.005094225888230798,0.03150726575321407,,,
210,-459,52.625,-114.625,6,22,0.0,0,0,False,0.16437728937728938,0.7241379310344828,0.44425761020588606,0.013736263736263736,,0.16437728937728938,0.7241379310344828,0.4934210526315789,51.0,0.00633997599382295,0.029061299937627603,,,
210,-457,52.625,-114.125,1,23,0.0,1,1,True,1.0,0.7586206896551724,0.8793103448275862,0.0,1.0,1.0,0.7586206896551724,0.00242914979757085,39.0,0.006032614910477752,0.011354225182153496,,,
211,-490,52.875,-122.375,1,2,0.0,0,0,False,1.0,0.034482758620689655,0.5172413793103449,0.0,,1.0,0.034482758620689655,0.08815789473684212,373.0,0.0007433652979277054,0.10461258097207907,,,
211,-478,52.875,-119.375,86,1,40.0,17,4,True,0.0089125990288781,0.0,0.00445629951443905,0.23351648351648352,0.23529411764705882,0.0089125990288781,0.0,0.2283792930922047,321.0,0.001102746490552021,0.11101778868435937,1.405,0.42220043202146984,0.30049852812916
211,-477,52.875,-119.125,9,2,1.0,1,1,True,0.10866910866910866,0.034482758620689655,0.07157593364489916,0.02197802197802198,1.0,0.10866910866910866,0.034482758620689655,0.009789698605488076,559.0,0.045863829118137515,0.06331670098944917,,,
211,-473,52.875,-118.125,18,2,12.5,10,10,True,0.05296092796092795,0.034482758620689655,0.043721843290808804,0.046703296703296704,1.0,0.05296092796092795,0.034482758620689655,0.11373544738435623,221.0,0.005364758087594317,0.019041884880238755,5.0,1.4275227155218428,0.28550454310436857
211,-472,52.875,-117.875,4,5,2.0,0,0,False,0.24793956043956045,0.13793103448275862,0.19293529746115953,0.008241758241758242,,0.24793956043956045,0.13793103448275862,0.017655634552296934,311.0,0.024563217074226373,0.03674181878152302,,,
211,-471,52.875,-117.625,1,5,0.0,0,0,False,1.0,0.13793103448275862,0.5689655172413793,0.0,,1.0,0.13793103448275862,0.1557017543859649,542.0,0.0942857762681268,0.006940544643064808,,,
211,-470,52.875,-117.375,1,2,0.0,0,0,False,1.0,0.034482758620689655,0.5172413793103449,0.0,,1.0,0.034482758620689655,0.00242914979757085,288.0,0.055708459500073616,0.006388536670764789,,,
211,-469,52.875,-117.125,1,3,0.0,0,0,False,1.0,0.06896551724137931,0.5344827586206896,0.0,,1.0,0.06896551724137931,0.3245614035087719,283.0,0.0194037609610399,0.027405277682679648,,,
211,-462,52.875,-115.375,20,1,42.25,0,0,False,0.04739010989010989,0.0,0.023695054945054944,0.0521978021978022,,0.04739010989010989,0.0,0.4092477748138391,156.0,0.004289655742005358,0.12719255357530837,,,
211,-459,52.875,-114.625,2,16,1.0,3,2,True,0.49862637362637363,0.5172413793103449,0.5079338764683592,0.0027472527472527475,0.6666666666666666,0.49862637362637363,0.5172413793103449,0.26039473684210523,122.0,0.005546189418515001,0.026172774005289317,,,
211,-457,52.875,-114.125,1,7,0.0,0,0,False,1.0,0.20689655172413793,0.603448275862069,0.0,,1.0,0.20689655172413793,0.11348684210526315,64.0,0.005565748455088259,0.030919566251597603,,,
212,-529,53.125,-132.125,1,1,0.0,0,0,False,1.0,0.0,0.5,0.0,,1.0,0.0,0.13157894736842105,1393.0,0.03349284893555393,0.03206403078640843,,,
212,-491,53.125,-122.625,3,1,3.0,1,1,True,0.3315018315018315,0.0,0.16575091575091574,0.005494505494505495,1.0,0.3315018315018315,0.0,0.05135878912968695,384.0,0.006185506239132754,0.13799952341418392,,,
212,-490,53.125,-122.375,2,4,1.0,0,0,False,0.49862637362637363,0.10344827586206896,0.3010373247442213,0.0027472527472527475,,0.49862637362637363,0.10344827586206896,0.09329710144927535,377.0,0.001306617131899036,0.11679243847426735,,,
212,-485,53.125,-121.125,2,1,1.0,8,5,True,0.49862637362637363,0.0,0.24931318681318682,0.0027472527472527475,0.625,0.49862637362637363,0.0,0.1656346749226006,816.0,0.043838438562649434,0.12066126796078282,3.865,0.5602544150936644,0.1449558641898226
212,-484,53.125,-120.875,2,6,1.0,5,2,True,0.49862637362637363,0.1724137931034483,0.33552008336491096,0.0027472527472527475,0.4,0.49862637362637363,0.1724137931034483,0.5657894736842105,1316.0,0.037281091361142014,0.03477886056493111,2.0,0.3710864698244463,0.18554323491222316
212,-480,53.125,-119.875,1,2,0.0,0,0,False,1.0,0.034482758620689655,0.5172413793103449,0.0,,1.0,0.034482758620689655,0.02177858439201452,357.0,0.0031770386412266474,0.034726517937524355,,,
212,-477,53.125,-119.125,5,1,4.5,26,18,True,0.19780219780219782,0.0,0.09890109890109891,0.01098901098901099,0.6923076923076923,0.19780219780219782,0.0,0.07366101551956815,412.0,0.11164166210285363,0.001667919477552106,4.64,1.291124135366394,0.27825951193241255
212,-473,53.125,-118.125,5,4,10.0,1,1,True,0.19780219780219782,0.10344827586206896,0.15062523683213339,0.01098901098901099,1.0,0.19780219780219782,0.10344827586206896,0.08447469376766724,260.0,0.025445097878393403,0.2599836963828548,,,
212,-472,53.125,-117.875,17,1,42.25,2,1,True,0.056237879767291526,0.0,0.028118939883645763,0.04395604395604396,0.5,0.056237879767291526,0.0,0.1907253711201079,402.0,0.019635313488600373,0.003521428038147713,,,
212,-470,53.125,-117.375,5,1,4.5,0,0,False,0.19780219780219782,0.0,0.09890109890109891,0.01098901098901099,,0.19780219780219782,0.0,0.27406587381916325,197.0,0.0082780843071524,0.11592160216507952,,,
212,-467,53.125,-116.625,1,22,0.0,0,0,False,1.0,0.7241379310344828,0.8620689655172413,0.0,,1.0,0.7241379310344828,0.1557017543859649,191.0,0.002412675551617168,0.45100451753149395,,,
212,-459,53.125,-114.625,1,2,0.0,0,0,False,1.0,0.034482758620689655,0.5172413793103449,0.0,,1.0,0.034482758620689655,0.00242914979757085,71.0,0.007442164394075761,0.014956554001619016,,,
212,-457,53.125,-114.125,2,10,1.0,1,1,True,0.49862637362637363,0.3103448275862069,0.40448560060629024,0.0027472527472527475,1.0,0.49862637362637363,0.3103448275862069,0.07947368421052631,46.0,0.007888098782587515,0.007697176035810095,,,
213,-517,53.375,-129.125,1,27,0.0,0,0,False,1.0,0.896551724137931,0.9482758620689655,0.0,,1.0,0.896551724137931,0.18947368421052632,1186.0,0.06221845661481418,0.007794729300178296,,,
213,-510,53.375,-127.375,1,1,0.0,0,0,False,1.0,0.0,0.5,0.0,,1.0,0.0,0.029057017543859646,1483.0,0.2356449204265749,0.000756631185001275,,,
213,-489,53.375,-122.125,2,7,1.0,0,0,False,0.49862637362637363,0.20689655172413793,0.35276146267525577,0.0027472527472527475,,0.49862637362637363,0.20689655172413793,0.10745614035087718,524.0,0.003477214826180431,0.23409645682803315,,,
213,-486,53.375,-121.375,3,1,3.0,3,3,True,0.3315018315018315,0.0,0.16575091575091574,0.005494505494505495,1.0,0.3315018315018315,0.0,0.10605771675565724,683.0,0.0018089390352265962,0.10927373171870418,,,
213,-485,53.375,-121.125,2,7,0.0,4,3,True,0.49862637362637363,0.20689655172413793,0.35276146267525577,0.0027472527472527475,0.75,0.49862637362637363,0.20689655172413793,0.3245614035087719,550.0,0.027718735846872632,0.004040124950522578,,,
213,-481,53.375,-120.125,1,2,0.0,0,0,False,1.0,0.034482758620689655,0.5172413793103449,0.0,,1.0,0.034482758620689655,0.02736842105263158,428.0,0.06987928666090185,0.06450637505325338,,,
213,-472,53.375,-117.875,1,3,0.0,1,1,True,1.0,0.06896551724137931,0.5344827586206896,0.0,1.0,1.0,0.06896551724137931,0.4934210526315789,220.0,0.0032719600956027323,0.0901913927084143,,,
213,-471,53.375,-117.625,5,1,10.0,3,2,True,0.19780219780219782,0.0,0.09890109890109891,0.01098901098901099,0.6666666666666666,0.19780219780219782,0.0,0.14593726163234172,174.0,0.0032831567932841152,0.1721478703754654,,,
213,-458,53.375,-114.375,5,1,10.0,0,0,False,0.19780219780219782,0.0,0.09890109890109891,0.01098901098901099,,0.19780219780219782,0.0,0.15429639889196675,41.0,0.012869906928550699,0.036384920107879574,,,
213,-457,53.375,-114.125,15,2,30.25,12,9,True,0.0641025641025641,0.034482758620689655,0.049292661361626876,0.038461538461538464,0.75,0.0641025641025641,0.034482758620689655,0.38857962213225367,43.0,0.013195722453323787,0.006264810430741111,4.485,5.288619059615464,1.179179277506235
214,-495,53.625,-123.625,12,3,4.5,0,0,False,0.0808150183150183,0.06896551724137931,0.07489026777819881,0.03021978021978022,,0.0808150183150183,0.06896551724137931,0.052346053881141594,582.0,0.0006018963670584826,0.29548827603147043,,,
214,-491,53.625,-122.625,1,2,0.0,0,0,False,1.0,0.034482758620689655,0.5172413793103449,0.0,,1.0,0.034482758620689655,0.00242914979757085,420.0,0.0011725764726122278,0.1581692134213827,,,
214,-489,53.625,-122.125,2,1,1.0,0,0,False,0.49862637362637363,0.0,0.24931318681318682,0.0027472527472527475,,0.49862637362637363,0.0,0.14364035087719298,554.0,0.00018896024185199883,0.062134175535611263,,,
214,-484,53.625,-120.875,2,16,1.0,0,0,False,0.49862637362637363,0.5172413793103449,0.5079338764683592,0.0027472527472527475,,0.49862637362637363,0.5172413793103449,0.5778508771929823,398.0,0.0015344361406207977,0.015313452675262466,,,
214,-466,53.625,-116.375,2,1,1.0,1,1,True,0.49862637362637363,0.0,0.24931318681318682,0.0027472527472527475,1.0,0.49862637362637363,0.0,0.09595141700404858,120.0,0.007321166162408754,0.1390559576701598,,,
214,-464,53.625,-115.875,2,2,1.0,0,0,False,0.49862637362637363,0.034482758620689655,0.2665545661235316,0.0027472527472527475,,0.49862637362637363,0.034482758620689655,0.03749999999999999,95.0,0.00711135359385234,0.3181015319954232,,,
214,-461,53.625,-115.125,1,3,0.0,0,0,False,1.0,0.06896551724137931,0.5344827586206896,0.0,,1.0,0.06896551724137931,0.4934210526315789,69.0,0.01018448163498168,0.1608935739412151,,,
214,-460,53.625,-114.875,2,1,1.0,0,0,False,0.49862637362637363,0.0,0.24931318681318682,0.0027472527472527475,,0.49862637362637363,0.0,0.009109311740890687,56.0,0.011830234980900307,0.036106532051442056,,,
214,-459,53.625,-114.625,1,2,0.0,0,0,False,1.0,0.034482758620689655,0.5172413793103449,0.0,,1.0,0.034482758620689655,0.00242914979757085,56.0,0.01165856953986187,0.03321325293609765,,,
214,-457,53.625,-114.125,3,2,0.5,4,4,True,0.3315018315018315,0.034482758620689655,0.18299229506126058,0.005494505494505495,1.0,0.3315018315018315,0.034482758620689655,0.004568548067000079,24.0,0.016102962635209057,0.012855591714511979,,,
215,-493,53.875,-123.125,1,11,0.0,0,0,False,1.0,0.3448275862068966,0.6724137931034483,0.0,,1.0,0.3448275862068966,0.05016447368421052,476.0,0.0015382976034590686,0.12275983925280194,,,
215,-492,53.875,-122.875,13,1,36.0,10,10,True,0.07438715131022823,0.0,0.037193575655114115,0.03296703296703297,1.0,0.07438715131022823,0.0,0.20333409481553577,442.0,0.0010655654281646833,0.06729734218138313,5.0,0.9754342386689961,0.19508684773379922
215,-491,53.875,-122.625,2,2,1.0,2,2,True,0.49862637362637363,0.034482758620689655,0.2665545661235316,0.0027472527472527475,1.0,0.49862637362637363,0.034482758620689655,0.02736842105263158,431.0,0.001306526803754467,0.1130116702896927,,,
215,-489,53.875,-122.125,1,5,0.0,0,0,False,1.0,0.13793103448275862,0.5689655172413793,0.0,,1.0,0.13793103448275862,0.024366471734892786,445.0,0.0014428496211814352,0.07958664920107171,,,
215,-477,53.875,-119.125,4,1,6.0,2,2,True,0.24793956043956045,0.0,0.12396978021978022,0.008241758241758242,1.0,0.24793956043956045,0.0,0.15193783738191632,264.0,0.004116649301658778,0.03428633995211593,,,
215,-457,53.875,-114.125,1,2,0.0,0,0,False,1.0,0.034482758620689655,0.5172413793103449,0.0,,1.0,0.034482758620689655,0.11348684210526315,33.0,0.021205122272870535,0.023707777730189318,,,
216,-528,54.125,-131.875,1,1,0.0,0,0,False,1.0,0.0,0.5,0.0,,1.0,0.0,0.18947368421052632,,0.01863347847980998,0.00022603762131829302,,,
216,-507,54.125,-126.625,1,2,0.0,0,0,False,1.0,0.034482758620689655,0.5172413793103449,0.0,,1.0,0.034482758620689655,0.06477732793522267,751.0,0.0023954416630532637,0.2658940057828488,,,
216,-501,54.125,-125.125,3,4,3.0,0,0,False,0.3315018315018315,0.10344827586206896,0.21747505368195022,0.005494505494505495,,0.3315018315018315,0.10344827586206896,0.006896789853823759,565.0,0.001100606099564708,0.5433873203921717,,,
216,-497,54.125,-124.125,2,2,1.0,0,0,False,0.49862637362637363,0.034482758620689655,0.2665545661235316,0.0027472527472527475,,0.49862637362637363,0.034482758620689655,0.040528461098398166,507.0,0.0016690746944141193,0.15683679761561017,,,
216,-493,54.125,-123.125,3,1,3.0,1,0,True,0.3315018315018315,0.0,0.16575091575091574,0.005494505494505495,0.0,0.3315018315018315,0.0,0.023211875843454785,488.0,0.001163170100893301,0.1475192914081526,,,
216,-492,54.125,-122.875,15,1,13.5,3,2,True,0.0641025641025641,0.0,0.03205128205128205,0.038461538461538464,0.6666666666666666,0.0641025641025641,0.0,0.07732598675521357,489.0,0.0016800059270848451,0.1648980187190939,,,
216,-491,54.125,-122.625,1,3,0.0,1,1,True,1.0,0.06896551724137931,0.5344827586206896,0.0,1.0,1.0,0.06896551724137931,0.08815789473684212,452.0,0.002048955388166234,0.11429651437855365,,,
216,-489,54.125,-122.125,1,12,0.0,0,0,False,1.0,0.3793103448275862,0.6896551724137931,0.0,,1.0,0.3793103448275862,0.4934210526315789,465.0,0.0035185185887011373,0.16496938959007806,,,
217,-522,54.375,-130.375,1,20,0.0,1,1,True,1.0,0.6551724137931034,0.8275862068965517,0.0,1.0,1.0,0.6551724137931034,0.03508771929824561,1012.0,0.03196245227137307,0.005417764411881332,,,
217,-507,54.375,-126.625,16,1,4.5,1,1,True,0.059924450549450545,0.0,0.029962225274725272,0.04120879120879121,1.0,0.059924450549450545,0.0,0.24764858034981874,629.0,0.001225903027444431,0.1328244527595035,,,
217,-498,54.375,-124.375,2,2,1.0,3,3,True,0.49862637362637363,0.034482758620689655,0.2665545661235316,0.0027472527472527475,1.0,0.49862637362637363,0.034482758620689655,0.07504111842105264,553.0,0.002875880179593422,0.1267143102390006,,,
217,-493,54.375,-123.125,1,14,0.0,0,0,False,1.0,0.4482758620689655,0.7241379310344828,0.0,,1.0,0.4482758620689655,0.03089244851258581,566.0,0.002393701980014609,0.22285878877852777,,,
217,-476,54.375,-118.875,1,14,0.0,0,0,False,1.0,0.4482758620689655,0.7241379310344828,0.0,,1.0,0.4482758620689655,0.05921052631578947,409.0,0.005001072459332312,0.2892876789980026,,,
217,-463,54.375,-115.625,3,3,3.0,0,0,False,0.3315018315018315,0.06896551724137931,0.20023367437160539,0.005494505494505495,,0.3315018315018315,0.06896551724137931,0.3840643274853801,143.0,0.008844294412961633,0.19580328996669502,,,
217,-460,54.375,-114.875,1,16,0.0,0,0,False,1.0,0.5172413793103449,0.7586206896551724,0.0,,1.0,0.5172413793103449,0.03089244851258581,88.0,0.017802035676437452,0.08667948848677585,,,
218,-515,54.625,-128.625,1,1,0.0,0,0,False,1.0,0.0,0.5,0.0,,1.0,0.0,1.0,801.0,0.01159246829645733,0.027540899621851384,,,
218,-509,54.625,-127.125,4,1,2.0,4,4,True,0.24793956043956045,0.0,0.12396978021978022,0.008241758241758242,1.0,0.24793956043956045,0.0,0.03412590759474593,690.0,0.0009562109603238754,0.06169874851727281,,,
218,-508,54.625,-126.875,1,4,0.0,2,1,True,1.0,0.10344827586206896,0.5517241379310345,0.0,0.5,1.0,0.10344827586206896,0.011553273427471117,643.0,0.0013312702920293587,0.1526372618205479,,,
218,-498,54.625,-124.375,2,1,1.0,2,2,True,0.49862637362637363,0.0,0.24931318681318682,0.0027472527472527475,1.0,0.49862637362637363,0.0,0.09087171052631578,610.0,0.0021486245253009295,0.09909727548347827,,,
218,-478,54.625,-119.375,1,19,0.0,0,0,False,1.0,0.6206896551724138,0.8103448275862069,0.0,,1.0,0.6206896551724138,1.0,498.0,0.0036260718974679518,0.32726203469595794,,,
218,-474,54.625,-118.375,1,6,0.0,0,0,False,1.0,0.1724137931034483,0.5862068965517242,0.0,,1.0,0.1724137931034483,0.13157894736842105,354.0,0.0041073193697660874,0.1240589539703619,,,
218,-471,54.625,-117.625,2,6,1.0,0,0,False,0.49862637362637363,0.1724137931034483,0.33552008336491096,0.0027472527472527475,,0.49862637362637363,0.1724137931034483,0.3245614035087719,297.0,0.0036917056484832675,0.24649995546854747,,,
219,-509,54.875,-127.125,2,1,1.0,1,1,True,0.49862637362637363,0.0,0.24931318681318682,0.0027472527472527475,1.0,0.49862637362637363,0.0,0.1029331140350877,722.0,0.0008217461746616999,0.11704227197769003,,,
219,-508,54.875,-126.875,9,4,24.5,0,0,False,0.10866910866910866,0.10344827586206896,0.10605869226558881,0.02197802197802198,,0.10866910866910866,0.10344827586206896,0.023138064473345373,855.0,0.050253090752963914,0.04691826836894053,,,
219,-507,54.875,-126.625,1,28,0.0,0,0,False,1.0,0.9310344827586207,0.9655172413793103,0.0,,1.0,0.9310344827586207,0.4934210526315789,750.0,0.0018544547819300816,0.12155588569655418,,,
220,-518,55.125,-129.375,1,12,0.0,0,0,False,1.0,0.3793103448275862,0.6896551724137931,0.0,,1.0,0.3793103448275862,0.04643962848297213,867.0,0.012182096248470178,0.011596918939354401,,,
220,-486,55.125,-121.375,1,1,0.0,0,0,False,1.0,0.0,0.5,0.0,,1.0,0.0,0.00242914979757085,475.0,0.0496651562865069,0.04822453169646681,,,
220,-478,55.125,-119.375,1,2,0.0,0,0,False,1.0,0.034482758620689655,0.5172413793103449,0.0,,1.0,0.034482758620689655,0.2401315789473684,317.0,0.012678098839592864,0.02586584247551763,,,
220,-477,55.125,-119.125,4,8,2.0,1,1,True,0.24793956043956045,0.2413793103448276,0.24465943539219404,0.008241758241758242,1.0,0.24793956043956045,0.2413793103448276,0.22002923976608185,308.0,0.015620059894184817,0.040291799433741456,,,
220,-476,55.125,-118.875,3,11,3.0,2,2,True,0.3315018315018315,0.3448275862068966,0.338164708854364,0.005494505494505495,1.0,0.3315018315018315,0.3448275862068966,0.8311403508771931,287.0,0.018400459279360157,0.047199031908913044,,,
220,-475,55.125,-118.625,1,4,0.0,1,1,True,1.0,0.10344827586206896,0.5517241379310345,0.0,1.0,1.0,0.10344827586206896,0.07894736842105263,316.0,0.01897505494866603,0.0855897442788429,,,
220,-473,55.125,-118.125,1,4,0.0,2,2,True,1.0,0.10344827586206896,0.5517241379310345,0.0,1.0,1.0,0.10344827586206896,0.4934210526315789,348.0,0.018848881314496115,0.035216658634932285,,,
220,-471,55.125,-117.625,1,2,0.0,0,0,False,1.0,0.034482758620689655,0.5172413793103449,0.0,,1.0,0.034482758620689655,0.014224751066856329,232.0,0.013607563881166804,0.07991023792275807,,,
221,-493,55.375,-123.125,2,3,1.0,3,3,True,0.49862637362637363,0.06896551724137931,0.2837959454338765,0.0027472527472527475,1.0,0.49862637362637363,0.06896551724137931,0.053061575507395944,532.0,0.006630130205640372,0.09205679433673379,,,
221,-461,55.375,-115.125,1,24,0.0,0,0,False,1.0,0.7931034482758621,0.896551724137931,0.0,,1.0,0.7931034482758621,0.025809716599190284,159.0,0.023742151428567154,0.0383811838445563,,,
221,-460,55.375,-114.875,3,1,0.5,4,3,True,0.3315018315018315,0.0,0.16575091575091574,0.005494505494505495,0.75,0.3315018315018315,0.0,0.021578947368421055,177.0,0.03258268772065353,0.045426420390243014,,,
221,-457,55.375,-114.125,3,15,3.0,0,0,False,0.3315018315018315,0.4827586206896552,0.40713022609574334,0.005494505494505495,,0.3315018315018315,0.4827586206896552,0.364766081871345,248.0,0.038285941787847326,0.19836585169381193,,,
222,-490,55.625,-122.375,2,1,1.0,2,2,True,0.49862637362637363,0.0,0.24931318681318682,0.0027472527472527475,1.0,0.49862637362637363,0.0,0.004568548067000079,456.0,0.010908932569176402,0.12227922043295918,,,
222,-481,55.625,-120.125,1,1,0.0,0,0,False,1.0,0.0,0.5,0.0,,1.0,0.0,0.03089244851258581,342.0,0.00820450354620233,0.06028542001952576,,,
223,-516,55.875,-128.875,3,24,3.0,0,0,False,0.3315018315018315,0.7931034482758621,0.5623026398888468,0.005494505494505495,,0.3315018315018315,0.7931034482758621,0.12864509246088193,838.0,0.00479259248800973,0.10052487017805206,,,
223,-482,55.875,-120.375,1,10,0.0,0,0,False,1.0,0.3103448275862069,0.6551724137931034,0.0,,1.0,0.3103448275862069,0.029057017543859646,369.0,0.014719817775363487,0.03736996798131835,,,
223,-461,55.875,-115.125,2,22,1.0,0,0,False,0.49862637362637363,0.7241379310344828,0.6113821523304281,0.0027472527472527475,,0.49862637362637363,0.7241379310344828,0.12341976264189886,201.0,0.03114331892154125,0.11561467728311622,,,
224,-486,56.125,-121.375,2,1,1.0,0,0,False,0.49862637362637363,0.0,0.24931318681318682,0.0027472527472527475,,0.49862637362637363,0.0,0.0400978407557355,506.0,0.029682558883816955,0.06339046063958512,,,
224,-475,56.125,-118.625,1,2,0.0,0,0,False,1.0,0.034482758620689655,0.5172413793103449,0.0,,1.0,0.034482758620689655,0.3245614035087719,362.0,0.04974035079224484,0.011865785118226752,,,
224,-474,56.125,-118.375,1,3,0.0,0,0,False,1.0,0.06896551724137931,0.5344827586206896,0.0,,1.0,0.06896551724137931,0.03508771929824561,339.0,0.0427965661363311,0.06623377261105776,,,
224,-470,56.125,-117.375,1,27,0.0,0,0,False,1.0,0.896551724137931,0.9482758620689655,0.0,,1.0,0.896551724137931,1.0,314.0,0.0891212944187128,0.006859646908659183,,,
224,-469,56.125,-117.125,1,2,0.0,0,0,False,1.0,0.034482758620689655,0.5172413793103449,0.0,,1.0,0.034482758620689655,0.03508771929824561,285.0,0.04776918879036982,0.05035879728772254,,,
225,-485,56.375,-121.125,2,16,1.0,0,0,False,0.49862637362637363,0.5172413793103449,0.5079338764683592,0.0027472527472527475,,0.49862637362637363,0.5172413793103449,0.026589068825910927,415.0,0.02705281619130211,0.10670641016077273,,,
225,-484,56.375,-120.875,2,2,1.0,1,1,True,0.49862637362637363,0.034482758620689655,0.2665545661235316,0.0027472527472527475,1.0,0.49862637362637363,0.034482758620689655,0.26039473684210523,426.0,0.040531871298951215,0.012470138487853692,,,
226,-519,56.625,-129.625,1,18,0.0,0,0,False,1.0,0.5862068965517241,0.7931034482758621,0.0,,1.0,0.5862068965517241,0.1557017543859649,961.0,0.02105085499155403,0.07306962978337292,,,
227,-478,56.875,-119.375,1,12,0.0,0,0,False,1.0,0.3793103448275862,0.6896551724137931,0.0,,1.0,0.3793103448275862,0.11348684210526315,1057.0,0.029608063968903406,0.503756951303013,,,
227,-471,56.875,-117.625,1,2,0.0,0,0,False,1.0,0.034482758620689655,0.5172413793103449,0.0,,1.0,0.034482758620689655,0.00242914979757085,346.0,0.06901742876439583,0.08995345435015563,,,
229,-510,57.375,-127.375,1,2,0.0,0,0,False,1.0,0.034482758620689655,0.5172413793103449,0.0,,1.0,0.034482758620689655,0.1557017543859649,2534.0,0.051713560606939594,0.002243720648596352,,,
229,-491,57.375,-122.625,1,2,0.0,0,0,False,1.0,0.034482758620689655,0.5172413793103449,0.0,,1.0,0.034482758620689655,0.00242914979757085,573.0,0.03702504826624733,0.1373071497374346,,,
232,-521,58.125,-130.125,1,3,0.0,0,0,False,1.0,0.06896551724137931,0.5344827586206896,0.0,,1.0,0.06896551724137931,0.011553273427471117,1167.0,0.02972034213117555,0.0011325674507026893,,,
233,-520,58.375,-129.875,2,3,1.0,0,0,False,0.49862637362637363,0.06896551724137931,0.2837959454338765,0.0027472527472527475,,0.49862637362637363,0.06896551724137931,0.016665928909742816,1039.0,0.031373824216278406,0.0002712451421195514,,,
234,-500,58.625,-124.875,1,2,0.0,1,1,True,1.0,0.034482758620689655,0.5172413793103449,0.0,1.0,1.0,0.034482758620689655,0.03508771929824561,892.0,0.19094705108579801,3.5690150848362066e-05,,,
234,-499,58.625,-124.625,33,1,13.5,9,3,True,0.02763902763902764,0.0,0.01381951381951382,0.08791208791208792,0.3333333333333333,0.02763902763902764,0.0,0.5006745571035431,798.0,0.09394552408725043,0.00018558877142748194,1.67,0.29950388979530995,0.17934364658401794
234,-497,58.625,-124.125,2,13,1.0,0,0,False,0.49862637362637363,0.41379310344827586,0.4562097385373247,0.0027472527472527475,,0.49862637362637363,0.41379310344827586,0.016660799155078326,801.0,0.10951357499943096,0.0023531707200806786,,,
235,-503,58.875,-125.625,1,2,0.0,0,0,False,1.0,0.034482758620689655,0.5172413793103449,0.0,,1.0,0.034482758620689655,0.3245614035087719,993.0,0.46824433112246017,0.00024983102780653274,,,
235,-502,58.875,-125.375,3,1,0.5,0,0,False,0.3315018315018315,0.0,0.16575091575091574,0.005494505494505495,,0.3315018315018315,0.0,0.0136609907120743,769.0,0.06826337389112888,0.008184941249683032,,,
236,-520,59.125,-129.875,1,5,0.0,0,0,False,1.0,0.13793103448275862,0.5689655172413793,0.0,,1.0,0.13793103448275862,0.0067079463364293065,1177.0,0.1618269149743317,0.00042114375187867067,,,
237,-535,59.375,-133.625,1,1,0.0,0,0,False,1.0,0.0,0.5,0.0,,1.0,0.0,0.01850328947368421,922.0,0.006490016907271284,0.00016655403584968955,,,
237,-520,59.375,-129.875,1,2,0.0,0,0,False,1.0,0.034482758620689655,0.5172413793103449,0.0,,1.0,0.034482758620689655,0.011553273427471117,1315.0,0.11203995591938967,0.0014228473284000332,,,
237,-518,59.375,-129.375,1,2,0.0,0,0,False,1.0,0.034482758620689655,0.5172413793103449,0.0,,1.0,0.034482758620689655,0.0067079463364293065,1254.0,0.12474510249313658,0.06357605858637315,,,
237,-517,59.375,-129.125,16,1,16.666666666666668,3,0,True,0.059924450549450545,0.0,0.029962225274725272,0.04120879120879121,0.0,0.059924450549450545,0.0,0.21721609618305043,1040.0,0.08554717681925673,0.0008446667959325624,,,
238,-547,59.625,-136.625,1,8,0.0,0,0,False,1.0,0.2413793103448276,0.6206896551724138,0.0,,1.0,0.2413793103448276,0.00886727688787185,902.0,0.1193314843804417,0.0001570366594047928,,,
238,-535,59.625,-133.625,1,2,0.0,0,0,False,1.0,0.034482758620689655,0.5172413793103449,0.0,,1.0,0.034482758620689655,0.0067079463364293065,922.0,0.028703056170316776,0.0016298501102685276,,,
238,-509,59.625,-127.125,1,3,0.0,0,0,False,1.0,0.06896551724137931,0.5344827586206896,0.0,,1.0,0.06896551724137931,0.014224751066856329,890.0,1.0,0.005263107027339759,,,
239,-517,59.875,-129.125,3,2,3.0,0,0,False,0.3315018315018315,0.034482758620689655,0.18299229506126058,0.005494505494505495,,0.3315018315018315,0.034482758620689655,0.2893823099415204,1021.0,0.2683674371606233,0.002376964057320914,,,
